id,race,sex,score,true_label,predicted_label,true-pred,predicted-race,predicted-sex
5481,0,0,0.974344969,1,1,0,0,0
2407,0,0,-0.514229178,0,0,0,0,0
2837,1,0,-0.292390764,1,0,1,0,0
2888,0,0,0.234127223,0,1,-1,0,0
5477,2,0,-0.590218127,0,0,0,0,0
5753,0,1,0.753208578,1,1,0,0,0
1780,2,0,-1.026076794,0,0,0,0,0
866,0,0,1.495368361,0,1,-1,4,0
5491,0,0,-0.728154123,1,0,1,0,0
946,2,0,1.029632807,1,1,0,0,0
104,2,0,-1.348292828,0,0,0,0,0
4147,5,0,0.749219656,1,1,0,0,0
3544,0,1,-0.908379853,1,0,1,0,0
6003,0,1,0.154388115,1,1,0,0,0
358,2,0,-1.40056181,0,0,0,0,0
2278,0,1,1.32177186,1,1,0,4,0
3112,0,0,-0.580761373,0,0,0,0,0
525,0,0,-0.602465093,0,0,0,0,0
5426,1,0,1.105945826,1,1,0,0,0
4255,2,0,-1.439542055,0,0,0,0,0
3949,0,0,0.331351638,0,1,-1,0,0
2782,0,1,1.179951429,1,1,0,0,0
2463,2,0,-1.068240643,1,0,1,0,0
3504,0,0,0.378838122,0,1,-1,0,0
1625,5,1,-1.464572787,0,0,0,0,0
4400,1,0,0.675584614,1,1,0,0,0
1702,1,0,-1.04292655,0,0,0,0,0
6063,0,0,0.142915264,0,1,-1,0,0
3902,2,0,-0.659108937,0,0,0,0,0
5208,0,0,0.124759801,0,1,-1,0,0
3429,5,0,-0.969252944,0,0,0,0,0
1258,0,0,1.318596244,1,1,0,4,0
780,0,0,1.32019639,1,1,0,4,0
3769,1,0,-1.462517977,1,0,1,0,0
5843,2,1,0.272005826,1,1,0,0,0
1205,2,1,-1.781363726,0,0,0,0,0
5941,1,1,-0.735588133,1,0,1,0,0
5645,0,0,1.752478361,1,1,0,4,0
4652,5,0,-0.368465394,1,0,1,0,0
108,2,0,0.608742237,1,1,0,0,0
3286,2,0,-0.642752826,0,0,0,0,0
514,0,1,-1.739490509,0,0,0,0,0
1819,2,1,-1.04297328,0,0,0,0,0
1987,1,0,0.360952646,0,1,-1,0,0
399,0,0,0.007901614,1,1,0,0,0
5719,0,0,0.683507502,1,1,0,0,0
1667,2,1,-0.026319306,1,0,1,0,0
2136,1,1,-1.30055356,0,0,0,0,0
4961,2,1,-0.915818274,1,0,1,0,0
1790,2,1,-0.479044825,1,0,1,0,0
1967,5,1,-0.534119427,1,0,1,0,0
3232,2,0,-0.294109195,0,0,0,0,0
5210,0,0,1.164504528,1,1,0,0,0
801,2,1,-1.801540375,0,0,0,0,0
2774,2,1,0.492800981,1,1,0,0,0
146,0,0,-0.830254734,0,0,0,0,0
4672,1,0,0.236390606,1,1,0,0,0
2070,0,0,-0.052787676,0,0,0,0,0
3732,2,1,-1.41777277,1,0,1,0,0
1969,2,0,-1.63188982,0,0,0,0,0
4928,0,0,0.545850575,0,1,-1,0,0
3805,0,0,0.486400396,1,1,0,0,0
3102,5,0,-1.345665216,0,0,0,0,0
1624,2,0,1.155133486,1,1,0,0,0
2594,0,0,-1.068627477,0,0,0,0,0
3342,0,0,0.115262829,0,1,-1,0,0
4930,2,0,0.960632503,0,1,-1,0,0
5761,2,0,-1.363356948,0,0,0,0,0
4617,2,0,-0.558561265,0,0,0,0,0
2383,0,0,-0.546999753,1,0,1,0,0
5691,2,0,-0.967212141,0,0,0,0,0
1464,2,0,-1.937555313,0,0,0,0,0
5959,0,0,0.383913606,0,1,-1,0,0
3367,0,1,-1.290153623,0,0,0,0,0
439,0,0,1.200816393,0,1,-1,0,0
2729,0,0,1.41866374,0,1,-1,4,0
2339,0,0,0.36284855,1,1,0,0,0
269,0,0,0.090472296,1,1,0,0,0
1278,0,1,-1.591967583,0,0,0,0,0
4374,2,0,-0.614125192,0,0,0,0,0
739,2,0,0.884174168,1,1,0,0,0
5835,0,1,-0.579717457,1,0,1,0,0
3834,2,1,-1.345281482,0,0,0,0,0
5820,2,0,-0.584341705,0,0,0,0,0
3206,0,1,-0.893175542,0,0,0,0,0
42,5,0,-1.42310071,1,0,1,0,0
3011,0,0,0.780602753,1,1,0,0,0
3679,0,0,-0.453391701,0,0,0,0,0
3987,0,0,-0.301723957,0,0,0,0,0
767,2,0,-1.653212428,0,0,0,0,0
2288,0,0,1.143901229,1,1,0,0,0
5982,2,0,-0.856616676,1,0,1,0,0
2458,5,0,-0.759067953,0,0,0,0,0
5271,0,1,0.759528339,1,1,0,0,0
4105,0,0,0.615060627,0,1,-1,0,0
2270,2,0,-0.883583546,1,0,1,0,0
5976,2,1,-1.030150294,1,0,1,0,0
4987,2,0,0.722887695,1,1,0,0,0
5245,2,0,-0.558732867,0,0,0,0,0
3009,3,0,0.174606711,1,1,0,0,0
4681,2,0,0.882153928,0,1,-1,0,0
5836,1,0,-0.572195888,1,0,1,0,0
1067,0,0,-0.905323982,1,0,1,0,0
2835,2,0,-0.488849789,1,0,1,0,0
5994,0,0,1.145701408,1,1,0,0,0
5043,2,0,0.909272254,1,1,0,0,0
254,1,0,0.548960984,0,1,-1,0,0
2446,0,0,1.401703238,1,1,0,4,0
3695,2,0,-1.263394237,0,0,0,0,0
6157,0,0,-0.617648959,1,0,1,0,0
3251,2,0,0.326837212,1,1,0,0,0
4180,2,0,1.707952976,1,1,0,4,0
5253,5,0,-1.09916234,0,0,0,0,0
5194,0,0,1.113819361,1,1,0,0,0
2971,5,0,-1.758826733,1,0,1,0,0
1885,0,0,-0.212703541,0,0,0,0,0
1664,0,0,1.629547119,1,1,0,4,0
4903,2,1,0.837450862,1,1,0,0,0
4958,0,0,0.000308122,0,1,-1,0,0
898,0,1,-0.422330141,0,0,0,0,0
407,0,0,-0.743933499,1,0,1,0,0
3654,2,0,-1.723783135,0,0,0,0,0
1079,2,0,0.440122098,0,1,-1,0,0
3553,5,0,-1.077946424,1,0,1,0,0
4188,0,0,-1.032905579,0,0,0,0,0
5675,0,0,-0.253845334,0,0,0,0,0
5964,0,0,1.918991566,1,1,0,4,0
3771,2,0,-0.622653365,0,0,0,0,0
4361,2,0,-0.816399395,0,0,0,0,0
6014,0,0,-0.560279548,0,0,0,0,0
4551,0,0,0.841194868,0,1,-1,0,0
1785,0,0,0.941619873,1,1,0,0,0
5159,1,1,-1.246612191,0,0,0,0,0
2105,1,0,0.292268336,1,1,0,0,0
3767,2,0,-0.132695213,1,0,1,0,0
4752,0,0,0.844321072,1,1,0,0,0
747,2,1,0.092791535,1,1,0,0,0
2599,0,0,0.490083873,0,1,-1,0,0
5031,2,0,-0.646576524,0,0,0,0,0
93,2,0,-1.503520966,0,0,0,0,0
947,5,0,0.111733876,0,1,-1,0,0
1716,1,0,0.91807574,1,1,0,0,0
4966,0,0,-0.109853111,0,0,0,0,0
5448,2,1,-1.505670786,0,0,0,0,0
3362,2,1,-0.144446835,1,0,1,0,0
4995,0,0,0.915217757,1,1,0,0,0
4805,2,0,-1.047901273,0,0,0,0,0
5668,0,0,-0.817883909,0,0,0,0,0
5990,5,0,-0.400646359,0,0,0,0,0
691,2,1,-1.754159212,0,0,0,0,0
2387,0,0,0.196885541,1,1,0,0,0
991,0,0,0.109326564,1,1,0,0,0
4332,2,0,-0.395434946,0,0,0,0,0
993,0,0,0.45431748,0,1,-1,0,0
4925,0,0,0.390997261,0,1,-1,0,0
789,0,0,1.32068491,1,1,0,4,0
850,1,0,0.196482241,0,1,-1,0,0
4016,2,1,0.039936967,0,1,-1,0,0
412,2,0,-1.369001627,0,0,0,0,0
1646,2,1,-0.591343939,1,0,1,0,0
4834,0,0,1.732023597,1,1,0,4,0
4158,2,0,1.047891498,1,1,0,0,0
759,0,0,-0.009265015,0,0,0,0,0
1171,0,1,-0.297518164,0,0,0,0,0
5284,2,0,1.217402935,1,1,0,0,0
4126,0,0,1.389585257,1,1,0,4,0
4267,0,0,-0.025540564,0,0,0,0,0
4902,2,0,0.079779662,1,1,0,0,0
5796,0,0,0.594783366,1,1,0,0,0
1218,0,0,0.792158306,0,1,-1,0,0
144,0,1,-1.275802851,0,0,0,0,0
2490,0,0,-0.862088978,0,0,0,0,0
3329,0,1,-0.174916759,1,0,1,0,0
2750,2,0,-0.149219602,1,0,1,0,0
322,2,0,0.520866692,1,1,0,0,0
2788,0,0,1.355937958,1,1,0,4,0
4698,0,0,0.237373129,1,1,0,0,0
5179,1,0,-1.221457481,1,0,1,0,0
3729,0,0,0.057655189,1,1,0,0,0
1018,0,0,-1.427652121,0,0,0,0,0
2048,2,0,0.900341928,1,1,0,0,0
175,0,0,-0.169156864,0,0,0,0,0
5330,2,1,0.117615819,0,1,-1,0,0
3311,1,0,0.090673082,0,1,-1,0,0
2209,0,0,-1.164005399,0,0,0,0,0
456,2,1,-1.784767389,0,0,0,0,0
5042,0,0,-0.895054698,0,0,0,0,0
3328,0,0,0.379615754,1,1,0,0,0
3623,0,0,0.640847862,0,1,-1,0,0
5298,2,1,-0.706534147,1,0,1,0,0
1698,0,0,-0.512617886,0,0,0,0,0
2184,0,0,0.990507245,1,1,0,0,0
5030,2,0,0.105187878,0,1,-1,0,0
5960,0,1,0.990480781,1,1,0,0,0
4101,2,1,-1.183343291,1,0,1,0,0
4389,1,0,-0.896484554,0,0,0,0,0
2263,1,1,-1.911295414,0,0,0,0,0
3098,0,0,-0.219067439,0,0,0,0,0
3027,0,0,0.593941092,0,1,-1,0,0
5406,0,0,-0.454109013,1,0,1,0,0
3395,0,0,1.532806039,1,1,0,4,0
360,0,0,0.217961073,0,1,-1,0,0
5020,2,0,-0.724328578,0,0,0,0,0
1345,1,0,-0.845178127,1,0,1,0,0
3297,2,0,-0.681704521,0,0,0,0,0
5876,0,1,-0.721046567,1,0,1,0,0
4087,0,0,0.548275471,0,1,-1,0,0
5206,0,0,1.822372198,1,1,0,4,0
1921,4,0,-0.84857583,0,0,0,0,0
2231,0,0,0.680877805,1,1,0,0,0
5395,0,0,-0.594511092,0,0,0,0,0
5441,2,0,-1.140264988,1,0,1,0,0
5083,0,0,0.755708575,1,1,0,0,0
2129,1,1,-1.005601645,1,0,1,0,0
4012,2,0,0.919296801,1,1,0,0,0
568,2,1,-0.419529349,0,0,0,0,0
1693,2,0,-1.651052237,0,0,0,0,0
2418,0,0,-0.063234046,0,0,0,0,0
5478,0,0,-0.094131917,0,0,0,0,0
1515,0,1,-0.108164035,0,0,0,0,0
910,0,0,-0.196047798,1,0,1,0,0
2515,0,0,0.353734195,1,1,0,0,0
5781,2,1,-1.161423206,0,0,0,0,0
1367,0,0,1.318184137,1,1,0,4,0
2872,2,1,-1.711403131,0,0,0,0,0
3425,0,0,0.349865079,1,1,0,0,0
5784,0,0,-0.425954908,0,0,0,0,0
349,0,0,-0.204951152,0,0,0,0,0
283,0,0,0.340580136,1,1,0,0,0
2832,2,1,0.337935865,1,1,0,0,0
320,2,0,0.996815264,0,1,-1,0,0
2385,2,1,-1.713210344,0,0,0,0,0
1053,1,0,-0.934578359,0,0,0,0,0
463,2,0,-0.819800675,0,0,0,0,0
2344,2,0,-0.574603617,0,0,0,0,0
2983,0,0,1.045965672,1,1,0,0,0
4782,2,0,0.492499888,1,1,0,0,0
579,1,1,-0.364964873,0,0,0,0,0
3683,2,0,0.257687539,1,1,0,0,0
1745,0,1,-1.533635616,0,0,0,0,0
5138,0,0,1.698145151,1,1,0,4,0
5887,0,0,-0.395303369,0,0,0,0,0
3762,1,0,-1.287906528,0,0,0,0,0
4786,0,0,0.531348526,1,1,0,0,0
3485,1,0,1.406411767,1,1,0,4,0
2640,0,0,0.806892812,1,1,0,0,0
1037,2,0,-0.191716626,1,0,1,0,0
915,1,0,-0.325237989,0,0,0,0,0
552,2,1,0.291585952,0,1,-1,0,0
3910,0,0,0.450338691,1,1,0,0,0
1050,0,0,0.947778523,0,1,-1,0,0
5082,2,0,-1.254427195,0,0,0,0,0
1541,2,0,-0.939111233,0,0,0,0,0
2168,0,0,-0.51821208,1,0,1,0,0
5382,0,1,-0.295772105,0,0,0,0,0
952,0,0,-1.025943398,0,0,0,0,0
4656,2,0,-0.942528784,0,0,0,0,0
4936,2,0,-0.023745682,0,0,0,0,0
939,2,0,-1.746221542,0,0,0,0,0
602,2,0,-0.947153747,0,0,0,0,0
4962,1,0,-0.299094766,1,0,1,0,0
4350,2,1,0.564289391,1,1,0,0,0
3905,2,1,-0.658545971,1,0,1,0,0
3625,0,0,1.801929235,1,1,0,4,0
726,2,1,-1.482442975,0,0,0,0,0
4824,0,0,1.07468605,1,1,0,0,0
5077,2,0,1.078310013,1,1,0,0,0
4326,0,0,-0.924132764,0,0,0,0,0
2605,0,1,-0.216398433,1,0,1,0,0
3010,2,0,-0.839286745,0,0,0,0,0
1561,2,0,-1.600507736,0,0,0,0,0
6076,2,0,-1.108082056,0,0,0,0,0
4086,0,0,-0.121295638,1,0,1,0,0
5569,0,0,-0.220134854,1,0,1,0,0
2951,2,0,-0.21243681,1,0,1,0,0
6061,1,0,-1.314076185,0,0,0,0,0
4111,2,1,-1.433386207,0,0,0,0,0
6025,5,1,-0.237616882,0,0,0,0,0
2876,2,0,0.052762154,1,1,0,0,0
328,0,1,0.17275691,0,1,-1,0,0
4319,2,0,1.680819988,1,1,0,4,0
431,0,0,1.239795685,0,1,-1,0,0
2906,0,0,0.608392477,1,1,0,0,0
6033,5,0,0.850075066,1,1,0,0,0
220,0,0,0.18248564,0,1,-1,0,0
5801,2,0,1.327019215,1,1,0,4,0
5644,2,1,-0.895085394,1,0,1,0,0
873,2,0,0.328920156,1,1,0,0,0
830,1,0,-1.245035648,0,0,0,0,0
2930,0,1,-0.20830892,0,0,0,0,0
4321,2,0,0.594036877,0,1,-1,0,0
2793,2,1,0.924264491,0,1,-1,0,0
344,0,0,1.529018402,1,1,0,4,0
4125,2,0,-1.333940148,0,0,0,0,0
372,0,0,-0.723895133,1,0,1,0,0
3385,0,0,1.132000923,1,1,0,0,0
6124,0,0,-0.682422936,0,0,0,0,0
2613,0,0,0.52958256,0,1,-1,0,0
4227,0,0,1.098171592,1,1,0,0,0
5066,2,0,-0.759803414,0,0,0,0,0
1126,2,0,0.278427273,1,1,0,0,0
2574,0,0,-0.659412384,0,0,0,0,0
5749,0,0,0.839967132,1,1,0,0,0
1835,0,0,-0.25399223,0,0,0,0,0
5604,0,0,-0.569674313,1,0,1,0,0
3041,1,1,-0.995597839,1,0,1,0,0
4971,0,0,1.883272886,1,1,0,4,0
2568,0,0,-0.762763202,0,0,0,0,0
4240,1,0,-1.41911912,1,0,1,0,0
3960,2,0,-0.310276568,0,0,0,0,0
2600,1,0,0.012897931,1,1,0,0,0
4908,2,0,0.479268521,1,1,0,0,0
3774,2,1,-1.269394875,1,0,1,0,0
1553,5,0,-0.791519225,0,0,0,0,0
2596,0,0,1.538375139,1,1,0,4,0
4973,2,0,1.516963601,1,1,0,4,0
3177,1,0,0.499965519,1,1,0,0,0
2139,2,0,-0.956257105,0,0,0,0,0
3978,1,0,1.036553979,1,1,0,0,0
515,5,0,-0.839545369,1,0,1,0,0
4998,2,0,-0.777158678,0,0,0,0,0
2007,0,1,0.281714708,1,1,0,0,0
5842,0,0,-0.411052912,1,0,1,0,0
839,2,0,-1.270018816,1,0,1,0,0
1139,2,0,-0.900667369,0,0,0,0,0
5692,0,0,0.280991912,1,1,0,0,0
3919,2,0,-1.028872013,0,0,0,0,0
3412,0,0,0.732284248,1,1,0,0,0
5078,0,0,0.22500132,1,1,0,0,0
1316,1,0,-0.980123043,0,0,0,0,0
3939,0,0,1.203321934,0,1,-1,0,0
406,0,0,1.653486013,1,1,0,4,0
1841,2,0,-1.365222812,0,0,0,0,0
2649,5,0,0.927528381,1,1,0,0,0
2589,2,0,-1.35777998,1,0,1,0,0
4438,2,0,-0.234243914,0,0,0,0,0
3975,2,0,-0.517420471,1,0,1,0,0
4891,2,0,-0.686036646,0,0,0,0,0
3180,1,0,-0.797801018,0,0,0,0,0
710,2,0,-0.768137753,0,0,0,0,0
1252,0,0,0.50262022,1,1,0,0,0
4763,0,0,1.003319383,1,1,0,0,0
4416,0,0,-0.294353545,0,0,0,0,0
4952,2,0,-0.972631633,0,0,0,0,0
3976,0,0,-0.553949058,0,0,0,0,0
4512,2,0,-0.923947275,0,0,0,0,0
2740,2,0,-1.357696056,0,0,0,0,0
3066,5,0,-0.084909305,0,0,0,0,0
2840,1,0,-0.675179183,1,0,1,0,0
2466,1,0,-0.408854425,0,0,0,0,0
5091,0,0,-0.908781588,0,0,0,0,0
3551,5,0,0.788541198,1,1,0,0,0
3670,2,0,-0.156712785,0,0,0,0,0
2532,2,0,-0.234510466,0,0,0,0,0
112,0,0,2.12031436,1,1,0,4,0
4068,0,0,-0.182193294,0,0,0,0,0
64,0,0,0.40817973,1,1,0,0,0
1438,2,0,-1.708846807,0,0,0,0,0
1357,0,0,-0.992041528,0,0,0,0,0
5345,2,0,0.031610832,1,1,0,0,0
3035,0,0,-0.613742292,0,0,0,0,0
3307,0,0,1.309092999,1,1,0,4,0
3339,0,1,-0.879073679,1,0,1,0,0
2432,0,1,-0.016817678,0,0,0,0,0
3296,0,0,1.367300034,1,1,0,4,0
5681,0,0,0.787099957,0,1,-1,0,0
3824,2,0,-1.027451992,0,0,0,0,0
5913,0,0,0.593577147,1,1,0,0,0
1986,2,0,-1.228864312,0,0,0,0,0
523,0,0,-1.052754045,0,0,0,0,0
1043,1,0,-0.181769803,1,0,1,0,0
1311,1,0,-1.16337657,1,0,1,0,0
2109,0,1,-1.765908241,0,0,0,0,0
3151,0,1,1.049188733,1,1,0,0,0
1059,2,0,-1.653222561,0,0,0,0,0
1759,0,0,-0.710338652,1,0,1,0,0
1770,2,0,-0.41505906,1,0,1,0,0
280,0,0,0.385686249,0,1,-1,0,0
2685,0,1,-0.692856729,1,0,1,0,0
2993,2,0,-1.504464865,0,0,0,0,0
4213,0,0,0.054279994,1,1,0,0,0
2520,0,0,0.072410502,1,1,0,0,0
5495,0,0,1.040735722,0,1,-1,0,0
197,1,1,-1.200065494,0,0,0,0,0
258,5,0,0.704301059,0,1,-1,0,0
5177,1,0,-0.64552784,0,0,0,0,0
1155,2,0,-1.259627938,1,0,1,0,0
2602,0,0,-0.18095535,0,0,0,0,0
4413,2,0,0.200844005,0,1,-1,0,0
2404,0,0,1.273923397,1,1,0,4,0
3338,0,0,0.76868397,0,1,-1,0,0
4785,0,0,-0.078893073,0,0,0,0,0
5660,0,0,0.057081643,1,1,0,0,0
1951,2,0,-1.26249218,0,0,0,0,0
1558,1,0,-1.152210236,0,0,0,0,0
5038,2,0,-1.303273439,0,0,0,0,0
1659,0,0,-0.403415352,1,0,1,0,0
906,2,0,-0.917400777,1,0,1,0,0
775,1,0,0.57180506,1,1,0,0,0
1796,0,1,0.559021473,1,1,0,0,0
5830,0,0,0.569758594,0,1,-1,0,0
5515,0,0,-0.834011018,0,0,0,0,0
4885,0,0,-0.874381721,0,0,0,0,0
5618,0,0,1.967290998,0,1,-1,4,0
983,2,0,0.132880375,0,1,-1,0,0
5839,0,0,0.020292111,1,1,0,0,0
4970,2,0,-0.235778257,1,0,1,0,0
3298,0,0,-0.637833774,1,0,1,0,0
5686,0,0,0.06562113,1,1,0,0,0
2197,2,0,-1.643446207,1,0,1,0,0
1092,2,0,-1.770443559,0,0,0,0,0
4519,0,0,-0.237434879,0,0,0,0,0
2462,0,0,0.061829455,1,1,0,0,0
1502,2,1,-1.290155172,0,0,0,0,0
3318,2,0,-0.497138292,1,0,1,0,0
732,0,1,-1.578145385,0,0,0,0,0
413,0,0,0.423973054,1,1,0,0,0
6062,2,0,-0.121803015,1,0,1,0,0
31,5,0,-1.431119919,0,0,0,0,0
5672,2,0,0.75522244,1,1,0,0,0
5512,2,0,-0.142403468,0,0,0,0,0
4243,5,0,-0.618290007,1,0,1,0,0
1443,0,0,-0.217712775,1,0,1,0,0
4014,0,0,0.099336177,0,1,-1,0,0
1606,1,0,0.015369608,1,1,0,0,0
5175,2,0,0.105341941,1,1,0,0,0
1948,0,0,0.062333629,1,1,0,0,0
5539,2,0,0.619763374,1,1,0,0,0
1892,0,0,0.560829341,0,1,-1,0,0
241,0,0,-0.731036007,0,0,0,0,0
3678,0,0,-0.874500811,0,0,0,0,0
3267,0,0,0.433326572,1,1,0,0,0
4431,2,0,-1.389676094,0,0,0,0,0
2065,2,0,1.318617821,1,1,0,4,0
4878,2,0,-0.974874198,0,0,0,0,0
1,0,0,-0.789002419,1,0,1,0,0
2579,0,0,-0.351828218,0,0,0,0,0
4779,0,0,1.669376731,0,1,-1,4,0
63,0,1,0.735661089,0,1,-1,0,0
4108,2,1,-1.404980183,0,0,0,0,0
1620,0,0,-0.861129642,0,0,0,0,0
3605,2,0,-1.283842802,0,0,0,0,0
6054,2,0,-0.363483816,0,0,0,0,0
4132,0,0,0.454954356,0,1,-1,0,0
3787,0,0,0.723036706,1,1,0,0,0
477,0,0,0.84471041,1,1,0,0,0
2181,2,0,-0.543874204,0,0,0,0,0
3097,2,0,-0.959130704,0,0,0,0,0
5262,0,1,-0.489774734,1,0,1,0,0
3528,0,0,0.603632569,1,1,0,0,0
1581,2,0,0.868013084,1,1,0,0,0
4360,0,0,0.301749051,1,1,0,0,0
2395,1,0,-0.83249104,0,0,0,0,0
1206,0,0,0.574253738,1,1,0,0,0
418,0,0,1.915633559,1,1,0,4,0
4143,2,0,-0.193467155,0,0,0,0,0
50,2,1,-1.235524058,1,0,1,0,0
4486,0,0,-0.130734503,1,0,1,0,0
1817,0,0,1.815524101,1,1,0,4,0
3371,0,1,-0.486514837,0,0,0,0,0
5294,2,0,0.650503278,0,1,-1,0,0
2146,5,0,0.500537813,1,1,0,0,0
2839,2,0,-1.19777298,0,0,0,0,0
3780,2,0,-1.000237823,0,0,0,0,0
2847,0,0,1.341612458,1,1,0,4,0
3837,0,0,0.997391164,1,1,0,0,0
415,2,0,-1.010325909,0,0,0,0,0
608,0,0,-0.926902592,0,0,0,0,0
179,0,0,-0.310908765,0,0,0,0,0
3456,0,1,-1.030301452,1,0,1,0,0
2487,2,0,-0.648540974,1,0,1,0,0
5102,0,0,0.419263273,1,1,0,0,0
394,2,0,0.041640788,0,1,-1,0,0
3564,0,0,1.833783507,1,1,0,4,0
4461,0,0,0.368350416,1,1,0,0,0
1196,2,0,-0.215204999,0,0,0,0,0
1814,0,1,0.338437587,1,1,0,0,0
2093,0,0,-0.191215202,0,0,0,0,0
3014,0,1,-0.49915719,1,0,1,0,0
750,0,0,-0.285589397,1,0,1,0,0
4663,2,0,-1.336687565,0,0,0,0,0
5361,0,0,1.387681007,1,1,0,4,0
3091,2,0,-0.675874054,0,0,0,0,0
5386,2,1,0.121635698,0,1,-1,0,0
405,1,0,-1.763317347,0,0,0,0,0
2337,0,0,0.924724102,1,1,0,0,0
4622,1,0,1.412178993,1,1,0,4,0
2977,1,1,-1.048474073,0,0,0,0,0
3947,0,0,0.259293973,1,1,0,0,0
923,0,1,-1.593961239,0,0,0,0,0
4439,2,1,-1.381264329,0,0,0,0,0
5939,0,0,0.309142888,0,1,-1,0,0
1283,0,0,-0.239088342,1,0,1,0,0
6064,2,0,-0.041643113,0,0,0,0,0
3495,0,1,-1.58867979,0,0,0,0,0
278,0,0,0.280297726,0,1,-1,0,0
5470,0,0,-0.090002276,0,0,0,0,0
3966,2,0,-0.386305183,0,0,0,0,0
5745,0,0,1.964511395,1,1,0,4,0
1364,0,0,-0.667214453,0,0,0,0,0
1072,1,1,-1.378780246,1,0,1,0,0
1131,0,0,-0.060184266,1,0,1,0,0
2144,0,1,0.568708897,0,1,-1,0,0
5523,0,1,-1.326567411,0,0,0,0,0
4550,0,0,0.395518452,1,1,0,0,0
5984,0,1,-0.737075269,0,0,0,0,0
2910,0,1,-0.545044184,0,0,0,0,0
930,2,0,-1.691602945,0,0,0,0,0
5540,0,0,0.080352828,1,1,0,0,0
3588,0,1,0.217137501,1,1,0,0,0
2300,2,0,0.487766802,1,1,0,0,0
5571,0,0,-0.455103427,1,0,1,0,0
2856,0,0,0.993054628,1,1,0,0,0
4745,2,0,0.283023626,1,1,0,0,0
5884,0,0,1.10679841,0,1,-1,0,0
1748,2,0,-1.410155296,1,0,1,0,0
379,0,1,-0.04791395,0,0,0,0,0
4990,2,0,-0.959917963,0,0,0,0,0
3891,1,0,-0.188238502,0,0,0,0,0
3845,0,0,1.235730171,1,1,0,0,0
247,1,0,-1.477639437,0,0,0,0,0
4691,2,0,0.390949607,0,1,-1,0,0
4507,1,0,-1.043732285,0,0,0,0,0
3435,1,0,0.359184295,1,1,0,0,0
1722,0,1,-0.57378298,0,0,0,0,0
4922,0,0,1.150172949,1,1,0,0,0
2009,2,0,0.254340827,0,1,-1,0,0
907,2,0,-0.705720067,0,0,0,0,0
1229,2,0,-1.624460101,0,0,0,0,0
2112,0,0,-0.238886356,0,0,0,0,0
3288,2,0,-0.297029078,1,0,1,0,0
3703,2,0,-1.030552983,1,0,1,0,0
2108,0,0,-1.421118259,0,0,0,0,0
4644,2,1,-0.27956146,0,0,0,0,0
2038,2,0,-0.293178231,0,0,0,0,0
196,2,0,-0.696119606,0,0,0,0,0
2973,2,0,-0.010734305,1,0,1,0,0
973,0,0,1.393547297,1,1,0,4,0
5158,2,0,0.611277759,0,1,-1,0,0
1844,1,1,-1.758271933,1,0,1,0,0
5137,0,0,0.070779257,1,1,0,0,0
4968,1,0,0.199369997,0,1,-1,0,0
4097,0,1,-0.091468394,0,0,0,0,0
5407,0,0,-0.529485285,0,0,0,0,0
928,2,0,0.533475697,0,1,-1,0,0
4566,2,0,-0.871943653,0,0,0,0,0
6040,2,0,1.250335932,1,1,0,2,0
3749,0,0,0.488357365,0,1,-1,0,0
2545,0,0,-0.315125197,1,0,1,0,0
5825,0,1,1.386466146,1,1,0,4,0
4146,0,0,0.421317726,0,1,-1,0,0
629,2,0,-1.179134846,0,0,0,0,0
4996,0,0,0.104318336,0,1,-1,0,0
2904,2,0,0.060177639,1,1,0,0,0
1431,2,0,-1.241019487,1,0,1,0,0
4074,0,0,1.026069164,1,1,0,0,0
2590,0,1,0.109517545,1,1,0,0,0
2622,0,1,0.736450434,1,1,0,0,0
3007,5,0,0.84948951,1,1,0,0,0
4688,5,0,-0.698100448,0,0,0,0,0
817,0,0,0.672382653,1,1,0,0,0
4767,0,0,1.025139213,1,1,0,0,0
1024,2,0,-1.321834326,0,0,0,0,0
2696,2,0,-1.582282543,1,0,1,0,0
3352,0,1,0.099314123,1,1,0,0,0
1465,2,1,-1.822567463,0,0,0,0,0
3036,2,0,0.45389697,1,1,0,0,0
5000,1,0,-0.751482069,1,0,1,0,0
3253,5,0,-1.702808857,0,0,0,0,0
5531,0,0,-1.176067233,1,0,1,0,0
1307,2,0,0.556603968,0,1,-1,0,0
3024,2,1,-0.576484144,0,0,0,0,0
1782,0,0,0.441924185,0,1,-1,0,0
4292,0,1,1.615168095,1,1,0,4,0
187,0,0,-1.192217827,0,0,0,0,0
816,0,0,0.30422917,0,1,-1,0,0
3534,2,0,0.205111429,0,1,-1,0,0
3320,1,0,-1.247466326,0,0,0,0,0
367,2,0,-1.757848263,0,0,0,0,0
113,2,0,0.249874249,1,1,0,0,0
618,0,0,1.278918743,1,1,0,4,0
1681,0,0,0.201897696,1,1,0,0,0
2147,2,1,1.558947563,1,1,0,4,0
976,0,0,-0.325236529,0,0,0,0,0
4099,0,0,-0.357160062,0,0,0,0,0
5254,0,0,-0.452250421,0,0,0,0,0
4236,2,0,-0.744014263,0,0,0,0,0
2570,0,1,-1.63015914,0,0,0,0,0
3652,2,0,-0.427596241,0,0,0,0,0
3502,1,0,-0.423610836,0,0,0,0,0
18,2,1,-0.49622038,1,0,1,0,0
101,0,0,1.266597748,0,1,-1,4,0
2153,2,0,-1.254534483,1,0,1,0,0
3974,2,1,-0.53741914,0,0,0,0,0
3578,0,0,1.230757713,1,1,0,0,0
5002,5,0,-1.197948217,1,0,1,0,0
1441,0,0,1.067798257,1,1,0,0,0
2379,0,0,-0.276113212,1,0,1,0,0
3228,2,1,-0.690930188,1,0,1,0,0
1705,2,0,1.77775836,1,1,0,4,0
2467,2,1,-1.454077244,0,0,0,0,0
11,0,0,0.576916814,1,1,0,0,0
944,0,0,-0.340411335,1,0,1,0,0
68,5,0,1.102943778,1,1,0,0,0
3467,5,1,-1.680624962,0,0,0,0,0
3935,0,0,-0.223166481,1,0,1,0,0
3784,0,0,-0.728283942,0,0,0,0,0
1076,0,0,0.913010061,1,1,0,0,0
4378,2,0,-0.447350919,0,0,0,0,0
1294,2,0,-1.527660966,1,0,1,0,0
4010,0,0,0.916271269,1,1,0,0,0
3476,0,0,2.095244169,1,1,0,4,0
6129,0,0,-0.17193608,1,0,1,0,0
4804,0,0,0.002069697,0,1,-1,0,0
630,0,0,1.128835201,1,1,0,0,0
5550,5,0,-0.990535319,0,0,0,0,0
5538,5,0,-0.398206025,1,0,1,0,0
2087,2,0,-1.041184306,0,0,0,0,0
4222,2,1,-1.038378239,1,0,1,0,0
489,2,0,1.255185127,1,1,0,4,0
3591,0,0,-1.042418242,0,0,0,0,0
4430,0,1,0.136821702,1,1,0,0,0
4495,2,0,-0.609981775,1,0,1,0,0
811,0,0,0.844330609,1,1,0,0,0
955,2,0,-0.502980888,0,0,0,0,0
351,0,0,0.628955364,0,1,-1,0,0
4295,2,0,-1.100004077,0,0,0,0,0
167,0,0,1.478780508,1,1,0,4,0
308,0,0,0.66356051,1,1,0,0,0
2134,2,0,-1.660111547,1,0,1,0,0
5032,0,0,0.261832923,0,1,-1,0,0
3924,4,0,-1.127348423,0,0,0,0,0
3677,0,0,0.716276348,1,1,0,0,0
3196,0,1,-0.889879048,0,0,0,0,0
2578,0,0,1.040492773,1,1,0,0,0
4714,2,0,-0.898603976,0,0,0,0,0
3163,0,1,-0.040412311,0,0,0,0,0
5638,2,0,0.474958003,1,1,0,0,0
714,2,0,-0.235739306,0,0,0,0,0
1162,0,1,0.357285589,0,1,-1,0,0
5119,2,0,-0.242337123,1,0,1,0,0
500,1,0,-1.69634819,0,0,0,0,0
1719,5,0,-0.298702002,1,0,1,0,0
2001,0,0,-0.398223609,0,0,0,0,0
4979,0,0,1.893562794,1,1,0,4,0
5508,2,0,1.25630486,1,1,0,4,0
5306,0,0,0.530347228,0,1,-1,0,0
4530,2,0,1.399811149,1,1,0,4,0
4523,1,0,-0.669482768,0,0,0,0,0
3614,0,0,0.683797896,1,1,0,0,0
1802,2,0,-1.042502642,0,0,0,0,0
4367,2,0,-1.220422029,0,0,0,0,0
5564,5,0,-0.437380046,1,0,1,0,0
350,2,0,-1.148961067,1,0,1,0,0
5331,1,0,-0.889195025,0,0,0,0,0
5713,0,0,0.565061033,1,1,0,0,0
163,5,0,-0.665301204,1,0,1,0,0
3696,2,0,-1.179821491,1,0,1,0,0
2384,0,1,0.253845006,0,1,-1,0,0
5454,2,0,-0.965518177,1,0,1,0,0
1147,0,0,2.100652456,1,1,0,4,0
2111,0,1,-0.523023784,0,0,0,0,0
69,1,0,-1.682905078,0,0,0,0,0
9,1,0,-1.248183489,0,0,0,0,0
5596,0,0,0.557499468,0,1,-1,0,0
5977,0,0,-0.258403629,1,0,1,0,0
1998,0,0,0.894982159,0,1,-1,0,0
4705,2,0,0.483854741,0,1,-1,0,0
2216,2,0,-0.584700525,0,0,0,0,0
773,0,0,1.727172852,1,1,0,4,0
5173,2,0,0.926910222,1,1,0,0,0
4771,2,0,0.389845282,0,1,-1,0,0
4426,0,0,0.36507684,1,1,0,0,0
5562,0,0,-0.064516202,0,0,0,0,0
2807,0,0,-0.237429872,1,0,1,0,0
5780,0,0,0.230258569,0,1,-1,0,0
2687,0,0,-0.173834264,1,0,1,0,0
1106,2,0,-1.713675976,0,0,0,0,0
4857,0,0,-0.257839859,1,0,1,0,0
3145,5,0,-0.895341456,1,0,1,0,0
2633,2,0,1.430731893,1,1,0,4,0
4867,1,0,-0.137907028,1,0,1,0,0
2299,0,1,0.12323124,0,1,-1,0,0
4670,2,1,-0.735706747,1,0,1,0,0
4951,0,1,-0.858831108,1,0,1,0,0
1416,5,0,-1.748840928,1,0,1,0,0
5957,0,1,-0.753187239,0,0,0,0,0
6160,0,0,0.394963443,1,1,0,0,0
3305,0,0,0.581166506,1,1,0,0,0
5972,2,1,-1.135215044,0,0,0,0,0
2824,0,0,0.081331328,1,1,0,0,0
1427,0,0,0.796589196,1,1,0,0,0
723,0,1,-1.592592001,0,0,0,0,0
1020,0,1,-1.645881891,0,0,0,0,0
585,0,0,0.323358029,1,1,0,0,0
2728,0,0,0.188692465,0,1,-1,0,0
5981,2,0,0.508328676,0,1,-1,0,0
738,0,0,1.539799213,1,1,0,4,0
4932,2,1,-0.734721959,0,0,0,0,0
4496,2,0,-0.780339181,0,0,0,0,0
2502,2,0,-1.379275084,0,0,0,0,0
4131,1,0,-0.718206108,0,0,0,0,0
253,1,0,0.471977443,1,1,0,0,0
1569,2,0,-1.478693485,0,0,0,0,0
3892,2,0,0.45612967,1,1,0,0,0
3700,0,0,1.285577536,1,1,0,4,0
2448,2,0,-0.616807282,0,0,0,0,0
189,0,0,0.892438293,1,1,0,0,0
5216,2,0,-0.770403683,0,0,0,0,0
754,2,0,-1.713855982,1,0,1,0,0
860,2,1,-1.141680717,0,0,0,0,0
444,0,0,0.210010141,0,1,-1,0,0
2464,2,0,-0.365321308,0,0,0,0,0
6070,2,0,-1.049294591,1,0,1,0,0
1005,2,0,-1.542741537,1,0,1,0,0
2757,0,0,-0.004566515,0,0,0,0,0
879,5,0,-1.050720215,0,0,0,0,0
2332,0,0,0.7805323,1,1,0,0,0
341,0,1,-1.74293375,0,0,0,0,0
1865,2,0,-0.322124988,1,0,1,0,0
325,2,1,-0.865988791,1,0,1,0,0
2380,0,0,1.326822996,0,1,-1,4,0
1105,0,0,0.866239011,1,1,0,0,0
1577,0,0,-0.358341426,0,0,0,0,0
1893,5,0,-1.472003698,0,0,0,0,0
37,0,0,-1.084736586,0,0,0,0,0
154,0,0,1.194066525,0,1,-1,0,0
3174,2,0,-0.082162477,1,0,1,0,0
2198,0,1,-1.16939044,0,0,0,0,0
2567,5,0,-1.045207024,0,0,0,0,0
4467,2,0,0.21555227,1,1,0,0,0
1869,2,0,-1.392454624,0,0,0,0,0
5435,0,1,0.512647033,1,1,0,0,0
3964,2,0,-1.171190262,1,0,1,0,0
5636,0,1,0.947389483,0,1,-1,0,0
237,0,0,-1.068264723,0,0,0,0,0
1556,0,0,1.191465616,1,1,0,0,0
909,2,0,0.698995769,1,1,0,0,0
23,5,1,-1.102800608,0,0,0,0,0
889,0,0,1.176103711,1,1,0,0,0
1227,0,0,-0.461105078,0,0,0,0,0
5827,2,1,-0.828340948,0,0,0,0,0
4993,0,0,-0.327295899,0,0,0,0,0
543,2,0,-0.646669745,0,0,0,0,0
5198,0,0,0.107663564,1,1,0,0,0
5296,0,0,0.744918704,1,1,0,0,0
1395,1,0,-1.353284359,0,0,0,0,0
300,5,0,-0.337354571,1,0,1,0,0
3400,1,0,0.600180149,1,1,0,0,0
2958,1,0,-0.294447362,0,0,0,0,0
5270,0,0,1.443832278,1,1,0,4,0
1484,2,0,0.829147041,1,1,0,0,0
4569,0,0,0.118090369,0,1,-1,0,0
6086,0,1,-0.835042894,0,0,0,0,0
67,2,1,-0.541446626,0,0,0,0,0
4296,0,0,-0.467660129,0,0,0,0,0
2479,0,1,-1.306612968,0,0,0,0,0
3766,2,0,-0.778132737,0,0,0,0,0
1399,2,0,0.271967411,0,1,-1,0,0
1792,1,0,-0.148935273,0,0,0,0,0
5502,0,0,1.701926231,1,1,0,4,0
5532,0,0,0.09814404,1,1,0,0,0
5399,2,1,-0.224496186,0,0,0,0,0
3728,0,0,1.570932269,1,1,0,4,0
3969,0,0,1.681250572,0,1,-1,4,0
4924,1,0,-0.916996181,0,0,0,0,0
800,0,1,-1.818949938,0,0,0,0,0
763,2,1,-1.625861287,0,0,0,0,0
5831,1,0,0.426827192,1,1,0,0,0
1474,0,0,1.335832596,1,1,0,4,0
4819,0,0,0.028160639,1,1,0,0,0
3962,0,0,0.449928582,0,1,-1,0,0
5738,0,1,-0.66388911,0,0,0,0,0
3103,2,0,0.702386916,0,1,-1,0,0
2949,2,0,-0.123469479,0,0,0,0,0
3310,0,0,1.530185699,1,1,0,4,0
3798,0,0,1.246492624,0,1,-1,2,0
1532,5,0,-0.62328738,0,0,0,0,0
528,2,1,1.680380583,1,1,0,4,0
4947,2,0,0.343588322,0,1,-1,0,0
5201,2,0,1.121164799,1,1,0,0,0
2900,2,1,-0.534215391,0,0,0,0,0
1615,0,0,1.795734882,1,1,0,4,0
5828,1,0,1.852631688,1,1,0,4,0
1234,0,1,-1.602220535,0,0,0,0,0
5953,2,0,0.549491823,1,1,0,0,0
2471,0,0,0.119440109,1,1,0,0,0
4926,0,1,0.725917757,1,1,0,0,0
592,1,0,-0.959808528,0,0,0,0,0
1575,0,0,0.278101772,0,1,-1,0,0
207,1,0,-0.319440097,0,0,0,0,0
1871,0,0,-0.948965609,0,0,0,0,0
2266,0,0,1.335354209,1,1,0,4,0
1221,0,0,0.850066602,0,1,-1,0,0
3165,0,0,1.012738466,1,1,0,0,0
4187,1,0,0.42536363,0,1,-1,0,0
2637,0,0,0.351233691,1,1,0,0,0
1232,2,0,0.758967638,1,1,0,0,0
5176,0,0,0.230331823,1,1,0,0,0
1937,1,0,0.589158833,0,1,-1,0,0
56,2,0,0.244263753,0,1,-1,0,0
5439,0,0,0.499168068,1,1,0,0,0
2554,5,0,-1.210788727,0,0,0,0,0
3278,2,0,-1.301380873,0,0,0,0,0
5726,0,0,-0.534456134,1,0,1,0,0
1163,1,0,-1.125878453,0,0,0,0,0
3301,0,0,-0.372569978,1,0,1,0,0
2163,0,0,-0.393966109,1,0,1,0,0
3951,0,1,-0.060615141,1,0,1,0,0
3410,2,0,0.714651048,1,1,0,0,0
2933,0,0,1.140564561,1,1,0,0,0
4050,2,0,-0.728976667,0,0,0,0,0
6002,0,0,0.248955891,0,1,-1,0,0
4390,0,0,0.094521813,0,1,-1,0,0
3722,1,0,-1.209758759,0,0,0,0,0
5015,5,0,-0.799992621,1,0,1,0,0
5174,2,0,0.914051235,0,1,-1,0,0
4538,2,0,-0.95398128,0,0,0,0,0
2043,0,0,-0.597069263,0,0,0,0,0
2505,0,0,1.426625133,1,1,0,4,0
404,0,1,-0.760880768,1,0,1,0,0
4842,0,0,-0.266964346,1,0,1,0,0
3697,1,0,-0.423925191,0,0,0,0,0
5607,0,0,1.951894283,1,1,0,4,0
4094,4,0,-0.45100531,1,0,1,0,0
1006,2,0,-1.522738457,1,0,1,0,0
4919,0,0,-0.153426901,0,0,0,0,0
3418,2,0,-0.897382438,1,0,1,0,0
3573,0,0,1.257692814,1,1,0,4,0
3604,2,0,-1.248155355,1,0,1,0,0
829,2,0,-1.411811113,0,0,0,0,0
1884,0,1,-1.470000625,1,0,1,0,0
1656,2,0,-0.676595271,0,0,0,0,0
3775,1,0,-0.828732073,1,0,1,0,0
713,1,0,-1.138529062,0,0,0,0,0
4288,2,1,-0.484707475,1,0,1,0,0
4330,0,0,-0.423441112,0,0,0,0,0
1731,2,0,-0.249681607,0,0,0,0,0
896,0,0,-0.639939129,0,0,0,0,0
2758,0,0,1.042271376,1,1,0,0,0
5962,0,0,1.284713507,1,1,0,4,0
5371,0,0,-0.389812261,0,0,0,0,0
2127,1,0,-1.206382513,1,0,1,0,0
1887,0,0,1.349785566,1,1,0,4,0
5815,0,0,-0.473558992,1,0,1,0,0
51,2,0,-0.478198588,0,0,0,0,0
562,0,0,-0.365215808,0,0,0,0,0
4773,0,0,0.098854013,0,1,-1,0,0
1877,2,0,-0.949502409,0,0,0,0,0
5905,0,0,0.153166413,0,1,-1,0,0
3770,2,0,0.124031074,1,1,0,0,0
2180,0,0,0.164975569,1,1,0,0,0
3080,2,1,-1.325860739,0,0,0,0,0
4046,2,0,0.145414978,1,1,0,0,0
5797,2,0,-0.280017883,0,0,0,0,0
5897,0,0,-0.229318157,0,0,0,0,0
3185,1,0,0.898559153,1,1,0,0,0
1855,0,0,0.835310042,0,1,-1,0,0
4813,2,0,-1.069886208,0,0,0,0,0
5846,0,0,0.167822167,1,1,0,0,0
3161,0,0,0.608612955,1,1,0,0,0
5411,0,0,0.875886977,1,1,0,0,0
72,0,0,0.445386976,0,1,-1,0,0
3827,2,0,-1.230555773,0,0,0,0,0
219,2,0,-0.833199859,0,0,0,0,0
3473,2,1,-1.69447732,0,0,0,0,0
2544,2,1,-1.369251609,0,0,0,0,0
5089,2,0,0.242073253,0,1,-1,0,0
333,0,0,0.375172436,1,1,0,0,0
3571,0,1,-0.602503479,0,0,0,0,0
934,0,0,1.192523241,0,1,-1,0,0
2203,5,0,-0.580923557,1,0,1,0,0
1486,0,1,-0.605144918,0,0,0,0,0
1979,0,0,1.586449623,1,1,0,4,0
147,2,0,-1.400311708,1,0,1,0,0
4218,2,1,-1.008151174,0,0,0,0,0
1235,0,0,0.771818817,1,1,0,0,0
250,0,0,-1.203043103,0,0,0,0,0
1627,0,0,1.22621274,1,1,0,0,0
4807,2,0,-1.276212692,0,0,0,0,0
877,2,0,1.01182282,1,1,0,0,0
5704,0,0,0.899047911,1,1,0,0,0
5803,0,0,-0.370842606,0,0,0,0,0
4098,2,0,0.767532527,1,1,0,0,0
6109,0,0,-0.129171774,1,0,1,0,0
3184,0,0,0.950138509,1,1,0,0,0
872,0,0,-0.378442198,0,0,0,0,0
3684,0,0,-0.171042398,0,0,0,0,0
1457,0,1,-1.189264059,1,0,1,0,0
3525,2,1,-0.163075522,0,0,0,0,0
3378,0,0,1.150895357,0,1,-1,0,0
4184,1,0,-0.631370246,1,0,1,0,0
2559,5,0,-1.387747765,0,0,0,0,0
5471,0,0,0.375448436,1,1,0,0,0
3843,2,0,-0.413475096,0,0,0,0,0
4886,0,0,-0.280651599,0,0,0,0,0
2346,0,1,1.370406866,1,1,0,4,0
1204,0,0,0.886778295,1,1,0,0,0
2606,0,1,0.724909127,1,1,0,0,0
4914,2,0,-0.751341641,1,0,1,0,0
1299,0,0,0.402195364,1,1,0,0,0
2535,0,1,-1.717787862,0,0,0,0,0
356,0,0,0.756168723,1,1,0,0,0
3998,0,1,0.994583309,1,1,0,0,0
5798,0,1,-0.063201353,0,0,0,0,0
2222,2,0,-0.355347574,0,0,0,0,0
4271,0,0,0.929307759,1,1,0,0,0
1488,0,1,-1.724490047,0,0,0,0,0
893,0,0,-0.269588023,0,0,0,0,0
4152,2,0,-0.248559907,1,0,1,0,0
3721,0,0,-0.004528992,0,0,0,0,0
4071,0,0,0.355003864,1,1,0,0,0
4739,0,0,-1.054628491,0,0,0,0,0
4003,0,0,0.378239334,1,1,0,0,0
6004,0,0,-0.917023957,0,0,0,0,0
4479,0,0,1.265497088,1,1,0,4,0
1570,2,0,-1.138673782,0,0,0,0,0
2941,0,1,-1.455336809,0,0,0,0,0
1264,0,0,0.55019778,1,1,0,0,0
1712,0,0,1.165814757,1,1,0,0,0
389,0,0,-0.769195557,0,0,0,0,0
78,1,0,-1.221953273,0,0,0,0,0
1889,2,1,-1.359993935,0,0,0,0,0
3957,2,0,-1.067059755,0,0,0,0,0
4405,2,0,-1.305418611,0,0,0,0,0
4572,0,0,1.839012265,1,1,0,4,0
1739,0,0,-0.343584955,1,0,1,0,0
3689,2,0,-0.258707047,1,0,1,0,0
5442,0,0,1.442671061,1,1,0,4,0
1256,0,0,1.825585723,1,1,0,4,0
5285,5,0,-1.268885493,0,0,0,0,0
596,0,0,0.484378785,1,1,0,0,0
5169,1,0,-0.429747552,0,0,0,0,0
289,0,1,-1.528253555,0,0,0,0,0
3674,0,0,-0.065176696,1,0,1,0,0
4274,0,0,1.115799427,0,1,-1,0,0
2775,0,0,-0.37518996,0,0,0,0,0
4399,0,0,1.226812601,1,1,0,0,0
5125,0,0,1.758290052,1,1,0,4,0
5207,2,0,-0.760778368,0,0,0,0,0
768,2,0,0.352527231,1,1,0,0,0
5817,2,1,-1.457938671,0,0,0,0,0
141,2,0,-1.432238102,0,0,0,0,0
4181,2,0,-0.961854458,0,0,0,0,0
2907,0,0,1.553801537,1,1,0,4,0
683,0,0,0.264615268,0,1,-1,0,0
566,5,0,-0.18073301,1,0,1,0,0
3601,2,0,-0.70620352,1,0,1,0,0
5766,2,0,0.789147198,1,1,0,0,0
3584,5,0,-0.070861727,0,0,0,0,0
1212,2,0,-0.175100893,0,0,0,0,0
3712,0,0,0.462252647,1,1,0,0,0
2253,2,1,0.026498489,0,1,-1,0,0
5987,2,0,-0.979667723,0,0,0,0,0
2892,5,0,-1.052989244,0,0,0,0,0
2232,0,1,-1.679512978,0,0,0,0,0
1487,0,0,1.436427236,0,1,-1,4,0
3489,1,1,-1.843429089,0,0,0,0,0
2609,1,0,-0.965443432,0,0,0,0,0
5155,0,0,-0.207299858,1,0,1,0,0
4653,0,0,-0.025241192,1,0,1,0,0
2566,1,0,-1.453363776,0,0,0,0,0
5712,0,0,-0.809118211,0,0,0,0,0
2133,0,0,-0.481839389,0,0,0,0,0
2358,2,1,-1.707725644,0,0,0,0,0
3390,0,0,-1.161136389,0,0,0,0,0
853,0,0,1.631489515,1,1,0,4,0
5247,0,1,-0.086216375,1,0,1,0,0
2274,0,0,0.555537879,0,1,-1,0,0
2607,1,0,-0.343681067,0,0,0,0,0
2405,1,1,-0.993361533,1,0,1,0,0
1673,2,0,0.814162731,1,1,0,0,0
4790,0,0,1.636443853,1,1,0,4,0
3880,0,0,-0.060084641,0,0,0,0,0
5916,0,0,0.079021446,0,1,-1,0,0
34,0,0,-0.488738149,0,0,0,0,0
821,0,0,-1.010893226,0,0,0,0,0
3356,2,0,0.215289593,1,1,0,0,0
5415,2,0,0.782232404,1,1,0,0,0
180,0,0,1.094291806,1,1,0,0,0
4900,2,0,0.882617772,1,1,0,0,0
948,0,0,0.655573308,0,1,-1,0,0
6103,5,0,-1.149702668,0,0,0,0,0
1726,0,0,-0.443061382,0,0,0,0,0
1176,0,1,-0.9980703,0,0,0,0,0
2553,5,0,-1.44902277,0,0,0,0,0
2369,2,1,-1.759323597,0,0,0,0,0
3850,0,1,-0.29011783,0,0,0,0,0
751,2,0,0.300805271,1,1,0,0,0
3013,0,0,0.314424664,1,1,0,0,0
4844,0,0,0.198593989,1,1,0,0,0
4821,0,0,0.16895844,0,1,-1,0,0
3927,0,0,1.832051992,1,1,0,4,0
5301,0,1,0.283072889,0,1,-1,0,0
5065,5,1,-1.385779619,0,0,0,0,0
1660,0,0,0.942373335,1,1,0,0,0
5678,2,1,-0.061752081,0,0,0,0,0
2431,0,1,-0.27323702,1,0,1,0,0
1491,0,0,-0.551766038,1,0,1,0,0
647,5,0,-0.777044654,0,0,0,0,0
4053,2,0,-0.81404233,0,0,0,0,0
1840,0,0,-0.9005602,0,0,0,0,0
2359,0,0,0.734482765,0,1,-1,0,0
155,0,0,0.904584169,1,1,0,0,0
4324,0,0,0.465910345,1,1,0,0,0
1980,2,0,-0.443516701,0,0,0,0,0
2630,1,0,0.581045091,1,1,0,0,0
3217,0,1,1.024695754,0,1,-1,0,0
3291,0,0,1.434919357,1,1,0,4,0
4907,0,0,0.723113179,1,1,0,0,0
216,0,0,-0.474351496,1,0,1,0,0
5537,0,0,1.440775871,1,1,0,4,0
3832,5,0,-0.432622492,1,0,1,0,0
5901,2,0,-0.777508914,0,0,0,0,0
3182,0,0,-0.127216175,0,0,0,0,0
5574,5,0,-0.547143519,1,0,1,0,0
2529,1,0,-1.306125522,0,0,0,0,0
2671,2,0,0.443488747,1,1,0,0,0
3615,0,0,0.188683242,0,1,-1,0,0
2865,0,0,-0.566156447,0,0,0,0,0
5952,1,0,-0.380010188,0,0,0,0,0
761,2,1,0.353039652,1,1,0,0,0
5958,0,0,-1.059579134,1,0,1,0,0
2080,2,1,-1.558812499,0,0,0,0,0
2237,0,0,-0.575510561,1,0,1,0,0
2759,2,0,-0.785129011,1,0,1,0,0
1756,0,0,0.531089962,1,1,0,0,0
5528,0,0,-0.503693819,0,0,0,0,0
5773,0,0,0.005354591,1,1,0,0,0
1284,0,1,-0.335780859,1,0,1,0,0
80,0,0,-0.528879881,1,0,1,0,0
3045,0,0,1.016742826,1,1,0,0,0
3104,2,0,1.638267875,1,1,0,4,0
4369,2,1,-1.454976559,0,0,0,0,0
6127,2,0,-0.935558736,0,0,0,0,0
4460,2,0,-0.342881739,0,0,0,0,0
2982,0,0,0.130519405,0,1,-1,0,0
5882,0,0,-0.254424393,1,0,1,0,0
2785,0,0,0.612325013,0,1,-1,0,0
5844,1,0,-1.202167273,1,0,1,0,0
2374,0,0,1.350617886,1,1,0,4,0
733,2,0,-1.465255022,1,0,1,0,0
1807,5,1,-1.398992538,0,0,0,0,0
516,2,0,-1.29286778,0,0,0,0,0
2422,2,0,0.120570354,1,1,0,0,0
44,5,0,0.439782768,1,1,0,0,0
5200,2,1,0.944157541,1,1,0,0,0
2638,0,0,-0.329289585,1,0,1,0,0
246,4,0,-0.359379917,0,0,0,0,0
2836,2,0,-0.585453689,0,0,0,0,0
3389,2,0,-0.021053225,1,0,1,0,0
4835,0,0,1.651231766,0,1,-1,4,0
2233,0,1,1.166008472,1,1,0,0,0
1737,0,0,-0.641543567,1,0,1,0,0
4740,0,0,1.808047295,1,1,0,4,0
1250,0,0,-0.083534762,0,0,0,0,0
402,5,0,-0.89891547,0,0,0,0,0
4590,2,0,-1.45143652,0,0,0,0,0
5278,2,0,0.028907157,0,1,-1,0,0
5116,2,0,0.575020432,1,1,0,0,0
2256,5,0,-0.878089607,0,0,0,0,0
4582,0,0,-0.162553325,0,0,0,0,0
3617,4,0,0.516415179,1,1,0,0,0
2777,0,0,0.921437681,1,1,0,0,0
366,2,0,-0.51588577,1,0,1,0,0
1201,0,0,-0.879964292,0,0,0,0,0
2908,2,1,-1.071577787,0,0,0,0,0
199,2,0,-0.478891939,0,0,0,0,0
1152,0,1,-1.148701549,0,0,0,0,0
5034,1,1,-1.645103812,1,0,1,0,0
2294,2,0,-0.422696024,0,0,0,0,0
1604,2,0,-1.293067455,0,0,0,0,0
1522,0,0,-1.101939201,1,0,1,0,0
2922,0,1,0.003079834,1,1,0,0,0
5297,0,0,1.029546738,0,1,-1,0,0
1778,2,0,0.780970097,1,1,0,0,0
1777,0,0,-1.33250618,1,0,1,0,0
4703,2,1,-0.391752213,0,0,0,0,0
958,2,0,-0.989724576,0,0,0,0,0
1140,2,0,-0.214529559,0,0,0,0,0
5928,0,0,-0.184064016,0,0,0,0,0
5462,2,0,-0.37810114,1,0,1,0,0
995,0,0,-0.696104944,0,0,0,0,0
2929,0,0,-0.818377912,0,0,0,0,0
4895,0,0,1.502058029,1,1,0,4,0
2859,2,0,-0.23634313,0,0,0,0,0
1291,2,0,0.017675556,0,1,-1,0,0
5145,2,0,0.585397542,0,1,-1,0,0
3149,0,0,1.844611287,1,1,0,4,0
4997,0,0,1.228499174,0,1,-1,0,0
2459,0,0,1.52964139,1,1,0,4,0
1772,0,0,-0.713333607,0,0,0,0,0
5115,0,0,0.042814165,0,1,-1,0,0
3403,0,0,1.40615344,0,1,-1,4,0
2008,2,0,0.49869445,0,1,-1,0,0
5423,0,1,-0.045946755,0,0,0,0,0
2999,0,1,-1.456910968,0,0,0,0,0
3101,0,0,1.522940636,0,1,-1,4,0
1734,2,0,1.281733632,0,1,-1,4,0
2074,0,1,-0.608556509,0,0,0,0,0
4558,2,0,-0.938634217,1,0,1,0,0
1167,0,1,1.526269555,1,1,0,4,0
4801,2,0,-1.259527326,0,0,0,0,0
3275,0,1,-0.439835012,1,0,1,0,0
3090,2,0,-0.627322376,1,0,1,0,0
5992,1,1,-0.421934098,0,0,0,0,0
571,2,1,-1.025404334,0,0,0,0,0
4336,1,0,0.00751787,1,1,0,0,0
1531,0,0,1.228720188,1,1,0,0,0
1406,0,1,1.005104899,1,1,0,0,0
2378,0,0,0.506428421,1,1,0,0,0
2869,0,0,1.150059342,1,1,0,0,0
1920,0,0,0.459119022,1,1,0,0,0
5763,0,0,-0.743200123,0,0,0,0,0
2472,0,0,0.23843044,1,1,0,0,0
1177,2,0,1.333201647,1,1,0,4,0
4504,2,0,-1.079924226,0,0,0,0,0
2434,0,0,0.489557356,1,1,0,0,0
5487,0,0,0.03920234,0,1,-1,0,0
1578,0,1,-1.487718701,0,0,0,0,0
4354,5,1,-0.750556171,1,0,1,0,0
1928,2,0,0.549897969,1,1,0,0,0
6158,0,0,-0.542610168,0,0,0,0,0
1172,0,0,0.80280447,1,1,0,0,0
1619,0,0,-0.597276866,1,0,1,0,0
4234,2,1,-0.772702873,0,0,0,0,0
3498,0,0,1.056871772,1,1,0,0,0
957,0,0,-0.561306,1,0,1,0,0
5222,0,0,0.246361569,0,1,-1,0,0
4826,2,0,-0.687513411,0,0,0,0,0
1296,0,0,1.235438704,1,1,0,0,0
4210,0,0,-0.279995888,1,0,1,0,0
88,0,0,1.083117485,1,1,0,0,0
1585,2,0,-1.522423267,1,0,1,0,0
1925,2,1,-1.542384148,1,0,1,0,0
3653,0,0,0.876132131,1,1,0,0,0
5608,1,0,-0.837087929,1,0,1,0,0
5172,0,0,-0.398168802,1,0,1,0,0
1743,2,0,0.007906042,0,1,-1,0,0
2477,0,0,-0.661215484,0,0,0,0,0
2988,2,0,-1.617703676,0,0,0,0,0
2959,0,1,-1.322339058,0,0,0,0,0
3514,2,0,-0.505067766,0,0,0,0,0
3606,0,0,-0.892333329,0,0,0,0,0
5503,0,0,1.299373031,1,1,0,4,0
1462,1,1,-1.714300513,0,0,0,0,0
2667,2,0,0.067581497,1,1,0,0,0
3216,0,1,0.507282317,1,1,0,0,0
3643,1,1,-1.449216723,1,0,1,0,0
1956,0,0,0.06624005,0,1,-1,0,0
5754,0,1,0.519764006,1,1,0,0,0
2488,2,0,-0.934217274,0,0,0,0,0
4121,0,0,-0.178076491,0,0,0,0,0
1695,0,0,-0.099912353,1,0,1,0,0
5696,0,0,1.054219723,1,1,0,0,0
362,2,0,-1.454774022,0,0,0,0,0
2000,0,0,-0.242244035,1,0,1,0,0
760,0,0,1.46388793,1,1,0,4,0
194,2,1,-1.768592834,0,0,0,0,0
5168,0,0,0.481615812,0,1,-1,0,0
3921,1,1,-0.859843135,1,0,1,0,0
2751,0,0,0.7845456,0,1,-1,0,0
5379,0,0,0.648534596,1,1,0,0,0
1866,2,0,0.873412907,1,1,0,0,0
2224,0,0,-0.008328891,1,0,1,0,0
5824,2,0,1.094234824,1,1,0,0,0
3616,2,1,-0.608334124,1,0,1,0,0
3038,2,0,-0.670665443,0,0,0,0,0
705,0,0,-0.762932658,0,0,0,0,0
3093,2,1,-0.479186028,0,0,0,0,0
4822,2,0,-0.940375388,0,0,0,0,0
2868,0,0,-0.689395189,1,0,1,0,0
6060,5,0,-0.690040827,0,0,0,0,0
2447,0,0,0.31159386,1,1,0,0,0
4331,0,0,-1.140781403,0,0,0,0,0
1185,0,0,-0.49943611,0,0,0,0,0
2838,0,0,-0.349868745,0,0,0,0,0
2095,1,0,-0.792700768,0,0,0,0,0
3205,0,0,0.707894683,0,1,-1,0,0
4710,0,0,0.077459864,0,1,-1,0,0
5911,0,0,1.345552921,1,1,0,4,0
5106,2,0,0.424348027,1,1,0,0,0
5404,0,0,1.037407875,1,1,0,0,0
243,2,0,-1.411785364,0,0,0,0,0
984,0,0,0.578803241,0,1,-1,0,0
2864,2,1,-1.523410559,1,0,1,0,0
2236,0,1,-1.22901988,0,0,0,0,0
758,2,0,-1.275100708,0,0,0,0,0
1771,0,0,-0.757196844,1,0,1,0,0
5833,2,1,-1.219139934,0,0,0,0,0
3676,2,1,-1.327874541,1,0,1,0,0
2372,2,0,-0.869627893,0,0,0,0,0
4884,1,0,-1.19285512,0,0,0,0,0
4043,2,0,-0.52009809,1,0,1,0,0
353,0,0,-0.242249697,0,0,0,0,0
856,2,1,-0.156697914,1,0,1,0,0
1175,2,0,-1.512808681,0,0,0,0,0
232,2,0,-1.36690855,1,0,1,0,0
193,2,0,1.737609267,1,1,0,4,0
2928,0,0,0.06497594,0,1,-1,0,0
4339,1,0,1.705668926,1,1,0,4,0
1292,2,0,-1.243556976,0,0,0,0,0
3691,2,1,-0.831381559,0,0,0,0,0
6006,2,0,-0.871547759,0,0,0,0,0
3470,0,0,-0.746512592,0,0,0,0,0
4021,2,0,-0.977867186,1,0,1,0,0
5474,1,0,-1.108607888,0,0,0,0,0
1146,0,1,-1.600547075,0,0,0,0,0
4318,0,0,1.085985422,0,1,-1,0,0
5609,0,0,1.15930593,1,1,0,0,0
5242,0,0,0.251752883,0,1,-1,0,0
4133,2,0,-0.047685616,0,0,0,0,0
1764,0,0,-0.632638395,0,0,0,0,0
317,0,0,0.787007749,1,1,0,0,0
1224,2,0,-0.741685688,0,0,0,0,0
3624,0,1,0.020401545,1,1,0,0,0
3556,1,0,-0.285819381,1,0,1,0,0
4687,2,1,-0.188410699,0,0,0,0,0
4555,5,0,0.18529661,1,1,0,0,0
2086,0,0,-0.128238216,1,0,1,0,0
6167,0,0,0.112603441,1,1,0,0,0
963,0,0,0.739150763,0,1,-1,0,0
392,2,0,0.935152471,1,1,0,0,0
4567,5,0,-0.753436983,1,0,1,0,0
5904,0,0,-0.717909276,0,0,0,0,0
2551,0,0,-0.953605771,0,0,0,0,0
2817,0,0,-0.229267716,0,0,0,0,0
5067,0,1,0.714064479,0,1,-1,0,0
373,0,0,1.311913252,1,1,0,4,0
5323,2,0,1.085390449,1,1,0,0,0
5453,0,0,-0.956314743,0,0,0,0,0
2629,0,0,0.905129373,1,1,0,0,0
4017,5,0,-1.504152775,0,0,0,0,0
1451,2,0,-1.688642979,1,0,1,0,0
2281,0,0,-0.935910881,0,0,0,0,0