id,race,sex,score,true_label,predicted_label,true-pred,predicted-race,predicted-sex,,adjusted score,,maxScore,minScore,,maxScore - minScore
5481,0,0,-0.150817484,1,0,1,1,1,,0.53,,2.158011913,-2.723813295,,4.881825208
2407,0,0,-1.411411643,0,0,0,1,1,,0.27,,,,,
2837,1,0,-0.901162207,1,0,1,1,1,,0.37,,max(adjusted score),,,
2888,0,0,-0.658250451,0,0,0,1,1,,0.42,,1.00,,,
5477,2,0,-1.245701671,0,0,0,1,1,,0.30,,,,,
5753,0,1,-0.144074708,1,0,1,1,1,,0.53,,,,,
1780,2,0,-1.691618085,0,0,0,1,1,,0.21,,,,,
866,0,0,0.240454257,0,1,-1,1,1,,0.61,,,,,
5491,0,0,-1.329929948,1,0,1,1,1,,0.29,,,,,
946,2,0,-0.189574763,1,0,1,1,1,,0.52,,,,,
104,2,0,-2.181569338,0,0,0,1,1,,0.11,,,,,
4147,5,0,0.232738614,1,1,0,1,1,,0.61,,,,,
3544,0,1,-1.875041366,1,0,1,1,1,,0.17,,,,,
6003,0,1,-0.918563247,1,0,1,1,1,,0.37,,,,,
358,2,0,-2.204629898,0,0,0,1,1,,0.11,,,,,
2278,0,1,0.365279347,1,1,0,1,1,,0.63,,,,,
3112,0,0,-1.385694385,0,0,0,1,1,,0.27,,,,,
525,0,0,-1.457275987,0,0,0,1,1,,0.26,,,,,
5426,1,0,0.74167943,1,1,0,1,1,,0.71,,,,,
4255,2,0,-2.057635069,0,0,0,1,1,,0.14,,,,,
3949,0,0,-1.105750084,0,0,0,1,1,,0.33,,,,,
2782,0,1,0.058328617,1,1,0,1,1,,0.57,,,,,
2463,2,0,-1.703111529,1,0,1,1,1,,0.21,,,,,
3504,0,0,-0.626448572,0,0,0,1,1,,0.43,,,,,
1625,5,1,-2.367272377,0,0,0,1,1,,0.07,,,,,
4400,1,0,-0.278697431,1,0,1,1,1,,0.50,,,,,
1702,1,0,-1.682947993,0,0,0,1,1,,0.21,,,,,
6063,0,0,-0.789241791,0,0,0,1,1,,0.40,,,,,
3902,2,0,-1.393453717,0,0,0,1,1,,0.27,,,,,
5208,0,0,-0.812522709,0,0,0,1,1,,0.39,,,,,
3429,5,0,-1.605740905,0,0,0,1,1,,0.23,,,,,
1258,0,0,0.12139719,1,1,0,1,1,,0.58,,,,,
780,0,0,0.080426142,1,1,0,1,1,,0.57,,,,,
3769,1,0,-2.267042398,1,0,1,1,1,,0.09,,,,,
5843,2,1,-0.456605196,1,0,1,1,1,,0.46,,,,,
1205,2,1,-2.573172092,0,0,0,1,1,,0.03,,,,,
5941,1,1,-1.242934823,1,0,1,1,1,,0.30,,,,,
5645,0,0,1.314195752,1,1,0,2,1,,0.83,,,,,
4652,5,0,-1.037368178,1,0,1,1,1,,0.35,,,,,
108,2,0,-0.42435956,1,0,1,1,1,,0.47,,,,,
3286,2,0,-1.223996282,0,0,0,1,1,,0.31,,,,,
514,0,1,-2.672186613,0,0,0,1,1,,0.01,,,,,
1819,2,1,-1.795325875,0,0,0,1,1,,0.19,,,,,
1987,1,0,-0.477876484,0,0,0,1,1,,0.46,,,,,
399,0,0,-0.936572194,1,0,1,1,1,,0.37,,,,,
5719,0,0,-0.763962924,1,0,1,1,1,,0.40,,,,,
1667,2,1,-0.884082794,1,0,1,1,1,,0.38,,,,,
2136,1,1,-1.696378469,0,0,0,1,1,,0.21,,,,,
4961,2,1,-1.502533436,1,0,1,1,1,,0.25,,,,,
1790,2,1,-1.153663516,1,0,1,1,1,,0.32,,,,,
1967,5,1,-1.107820988,1,0,1,1,1,,0.33,,,,,
3232,2,0,-0.922147751,0,0,0,1,1,,0.37,,,,,
5210,0,0,-0.096172705,1,1,0,1,1,,0.54,,,,,
801,2,1,-2.589890718,0,0,0,1,1,,0.03,,,,,
2774,2,1,-0.390960157,1,0,1,1,1,,0.48,,,,,
146,0,0,-1.697634578,0,0,0,1,1,,0.21,,,,,
4672,1,0,-0.116735168,1,0,1,1,1,,0.53,,,,,
2070,0,0,-0.994876087,0,0,0,1,1,,0.35,,,,,
3732,2,1,-2.062935829,1,0,1,1,1,,0.14,,,,,
1969,2,0,-2.370154142,0,0,0,1,1,,0.07,,,,,
4928,0,0,-0.736924887,0,0,0,1,1,,0.41,,,,,
3805,0,0,-0.589767218,1,0,1,1,1,,0.44,,,,,
3102,5,0,-2.085565567,0,0,0,1,1,,0.13,,,,,
1624,2,0,0.019807616,1,1,0,1,1,,0.56,,,,,
2594,0,0,-1.821421981,0,0,0,1,1,,0.18,,,,,
3342,0,0,-0.733325839,0,0,0,1,1,,0.41,,,,,
4930,2,0,0.164227903,0,1,-1,1,1,,0.59,,,,,
5761,2,0,-1.919189692,0,0,0,1,1,,0.16,,,,,
4617,2,0,-1.401958585,0,0,0,1,1,,0.27,,,,,
2383,0,0,-1.370268464,1,0,1,1,1,,0.28,,,,,
5691,2,0,-1.61106813,0,0,0,1,1,,0.23,,,,,
1464,2,0,-2.675345182,0,0,0,1,1,,0.01,,,,,
5959,0,0,-0.566127241,0,0,0,1,1,,0.44,,,,,
3367,0,1,-2.000847578,0,0,0,1,1,,0.15,,,,,
439,0,0,0.030235497,0,1,-1,1,1,,0.56,,,,,
2729,0,0,0.329179883,0,1,-1,1,1,,0.63,,,,,
2339,0,0,-0.737960041,1,0,1,1,1,,0.41,,,,,
269,0,0,-0.979241133,1,0,1,1,1,,0.36,,,,,
1278,0,1,-2.519081831,0,0,0,1,1,,0.04,,,,,
4374,2,0,-1.420784354,0,0,0,1,1,,0.27,,,,,
739,2,0,-0.172275752,1,0,1,1,1,,0.52,,,,,
5835,0,1,-1.532279491,1,0,1,1,1,,0.24,,,,,
3834,2,1,-2.102284193,0,0,0,1,1,,0.13,,,,,
5820,2,0,-1.28486979,0,0,0,1,1,,0.29,,,,,
3206,0,1,-1.315856695,0,0,0,1,1,,0.29,,,,,
42,5,0,-2.300322294,1,0,1,1,1,,0.09,,,,,
3011,0,0,-0.257575989,1,0,1,1,1,,0.51,,,,,
3679,0,0,-1.236368299,0,0,0,1,1,,0.30,,,,,
3987,0,0,-1.123989463,0,0,0,1,1,,0.33,,,,,
767,2,0,-2.443938494,0,0,0,1,1,,0.06,,,,,
2288,0,0,0.181910723,1,1,0,1,1,,0.60,,,,,
5982,2,0,-1.592293382,1,0,1,1,1,,0.23,,,,,
2458,5,0,-1.472343087,0,0,0,1,1,,0.26,,,,,
5271,0,1,-0.474011302,1,0,1,1,1,,0.46,,,,,
4105,0,0,-0.574088991,0,0,0,1,1,,0.44,,,,,
2270,2,0,-1.534677029,1,0,1,1,1,,0.24,,,,,
5976,2,1,-1.777305961,1,0,1,1,1,,0.19,,,,,
4987,2,0,-0.117721908,1,0,1,1,1,,0.53,,,,,
5245,2,0,-1.317769647,0,0,0,1,1,,0.29,,,,,
3009,3,0,-0.170366645,1,0,1,1,1,,0.52,,,,,
4681,2,0,-0.060018294,0,1,-1,1,1,,0.55,,,,,
5836,1,0,-1.69636786,1,0,1,1,1,,0.21,,,,,
1067,0,0,-1.785236359,1,0,1,1,1,,0.19,,,,,
2835,2,0,-1.183732629,1,0,1,1,1,,0.32,,,,,
5994,0,0,-0.068955064,1,1,0,1,1,,0.54,,,,,
5043,2,0,-0.082345523,1,1,0,1,1,,0.54,,,,,
254,1,0,-0.463474691,0,0,0,1,1,,0.46,,,,,
2446,0,0,0.328165799,1,1,0,1,1,,0.63,,,,,
3695,2,0,-2.091039658,0,0,0,1,1,,0.13,,,,,
6157,0,0,-1.185551643,1,0,1,1,1,,0.32,,,,,
3251,2,0,-0.405147523,1,0,1,1,1,,0.47,,,,,
4180,2,0,1.056655288,1,1,0,1,1,,0.77,,,,,
5253,5,0,-1.505743027,0,0,0,1,1,,0.25,,,,,
5194,0,0,-0.052369621,1,1,0,1,1,,0.55,,,,,
2971,5,0,-2.498577356,1,0,1,1,1,,0.05,,,,,
1885,0,0,-1.273777485,0,0,0,1,1,,0.30,,,,,
1664,0,0,0.451729774,1,1,0,1,1,,0.65,,,,,
4903,2,1,0.101405762,1,1,0,1,1,,0.58,,,,,
4958,0,0,-1.031826377,0,0,0,1,1,,0.35,,,,,
898,0,1,-1.191867709,0,0,0,1,1,,0.31,,,,,
407,0,0,-1.626643896,1,0,1,1,1,,0.22,,,,,
3654,2,0,-2.336494207,0,0,0,1,1,,0.08,,,,,
1079,2,0,-0.639924824,0,0,0,1,1,,0.43,,,,,
3553,5,0,-1.723879337,1,0,1,1,1,,0.20,,,,,
4188,0,0,-1.450075984,0,0,0,1,1,,0.26,,,,,
5675,0,0,-1.108234525,0,0,0,1,1,,0.33,,,,,
5964,0,0,1.745136619,1,1,0,2,0,,0.92,,,,,
3771,2,0,-1.642952323,0,0,0,1,1,,0.22,,,,,
4361,2,0,-1.729978085,0,0,0,1,1,,0.20,,,,,
6014,0,0,-1.282559037,0,0,0,1,1,,0.30,,,,,
4551,0,0,-0.35840717,0,0,0,1,1,,0.48,,,,,
1785,0,0,-0.096903339,1,1,0,1,1,,0.54,,,,,
5159,1,1,-1.753175497,0,0,0,1,1,,0.20,,,,,
2105,1,0,-0.563886344,1,0,1,1,1,,0.44,,,,,
3767,2,0,-1.08306396,1,0,1,1,1,,0.34,,,,,
4752,0,0,-0.218383312,1,0,1,1,1,,0.51,,,,,
747,2,1,-0.777107179,1,0,1,1,1,,0.40,,,,,
2599,0,0,-0.534370422,0,0,0,1,1,,0.45,,,,,
5031,2,0,-1.445984483,0,0,0,1,1,,0.26,,,,,
93,2,0,-2.322661638,0,0,0,1,1,,0.08,,,,,
947,5,0,-0.79757601,0,0,0,1,1,,0.39,,,,,
1716,1,0,-0.32160899,1,0,1,1,1,,0.49,,,,,
4966,0,0,-0.977559865,0,0,0,1,1,,0.36,,,,,
5448,2,1,-2.054073811,0,0,0,1,1,,0.14,,,,,
3362,2,1,-0.837863624,1,0,1,1,1,,0.39,,,,,
4995,0,0,-0.491492301,1,0,1,1,1,,0.46,,,,,
4805,2,0,-1.793275356,0,0,0,1,1,,0.19,,,,,
5668,0,0,-1.464520097,0,0,0,1,1,,0.26,,,,,
5990,5,0,-1.305957675,0,0,0,1,1,,0.29,,,,,
691,2,1,-2.563675165,0,0,0,1,1,,0.03,,,,,
2387,0,0,-0.679412425,1,0,1,1,1,,0.42,,,,,
991,0,0,-0.94668144,1,0,1,1,1,,0.36,,,,,
4332,2,0,-1.087010264,0,0,0,1,1,,0.34,,,,,
993,0,0,-0.689421833,0,0,0,1,1,,0.42,,,,,
4925,0,0,-0.884337008,0,0,0,1,1,,0.38,,,,,
789,0,0,0.089546196,1,1,0,1,1,,0.58,,,,,
850,1,0,-0.611807525,0,0,0,1,1,,0.43,,,,,
4016,2,1,-0.744475782,0,0,0,1,1,,0.41,,,,,
412,2,0,-2.22021842,0,0,0,1,1,,0.10,,,,,
1646,2,1,-1.368348718,1,0,1,1,1,,0.28,,,,,
4834,0,0,1.673501611,1,1,0,2,0,,0.90,,,,,
4158,2,0,0.030339407,1,1,0,1,1,,0.56,,,,,
759,0,0,-0.950730145,0,0,0,1,1,,0.36,,,,,
1171,0,1,-1.058746219,0,0,0,1,1,,0.34,,,,,
5284,2,0,0.247957081,1,1,0,1,1,,0.61,,,,,
4126,0,0,0.540089071,1,1,0,1,1,,0.67,,,,,
4267,0,0,-0.790058196,0,0,0,1,1,,0.40,,,,,
4902,2,0,-0.84663558,1,0,1,1,1,,0.38,,,,,
5796,0,0,-0.413509697,1,0,1,1,1,,0.47,,,,,
1218,0,0,-0.225326911,0,0,0,1,1,,0.51,,,,,
144,0,1,-2.218293428,0,0,0,1,1,,0.10,,,,,
2490,0,0,-1.683613539,0,0,0,1,1,,0.21,,,,,
3329,0,1,-0.828551054,1,0,1,1,1,,0.39,,,,,
2750,2,0,-0.858538389,1,0,1,1,1,,0.38,,,,,
322,2,0,-0.505140483,1,0,1,1,1,,0.45,,,,,
2788,0,0,0.300581753,1,1,0,1,1,,0.62,,,,,
4698,0,0,-0.752868474,1,0,1,1,1,,0.40,,,,,
5179,1,0,-2.070796251,1,0,1,1,1,,0.13,,,,,
3729,0,0,-0.92920965,1,0,1,1,1,,0.37,,,,,
1018,0,0,-2.256155968,0,0,0,1,1,,0.10,,,,,
2048,2,0,-0.078912713,1,1,0,1,1,,0.54,,,,,
175,0,0,-1.324080348,0,0,0,1,1,,0.29,,,,,
5330,2,1,-0.65749836,0,0,0,1,1,,0.42,,,,,
3311,1,0,-0.683727205,0,0,0,1,1,,0.42,,,,,
2209,0,0,-1.904153943,0,0,0,1,1,,0.17,,,,,
456,2,1,-2.594760418,0,0,0,1,1,,0.03,,,,,
5042,0,0,-1.293155313,0,0,0,1,1,,0.29,,,,,
3328,0,0,-0.663089812,1,0,1,1,1,,0.42,,,,,
3623,0,0,-0.45603469,0,0,0,1,1,,0.46,,,,,
5298,2,1,-1.353823304,1,0,1,1,1,,0.28,,,,,
1698,0,0,-1.378167272,0,0,0,1,1,,0.28,,,,,
2184,0,0,-0.016941929,1,1,0,1,1,,0.55,,,,,
5030,2,0,-0.779955447,0,0,0,1,1,,0.40,,,,,
5960,0,1,0.339795887,1,1,0,1,1,,0.63,,,,,
4101,2,1,-1.711221337,1,0,1,1,1,,0.21,,,,,
4389,1,0,-2.003404617,0,0,0,1,1,,0.15,,,,,
2263,1,1,-2.580180407,0,0,0,1,1,,0.03,,,,,
3098,0,0,-1.05452311,0,0,0,1,1,,0.34,,,,,
3027,0,0,-0.445567071,0,0,0,1,1,,0.47,,,,,
5406,0,0,-1.275955677,1,0,1,1,1,,0.30,,,,,
3395,0,0,0.611738741,1,1,0,1,1,,0.68,,,,,
360,0,0,-0.87878716,0,0,0,1,1,,0.38,,,,,
5020,2,0,-1.466670394,0,0,0,1,1,,0.26,,,,,
1345,1,0,-1.491376996,1,0,1,1,1,,0.25,,,,,
3297,2,0,-1.252860308,0,0,0,1,1,,0.30,,,,,
5876,0,1,-1.656283975,1,0,1,1,1,,0.22,,,,,
4087,0,0,-0.554389775,0,0,0,1,1,,0.44,,,,,
5206,0,0,1.575535059,1,1,0,2,0,,0.88,,,,,
1921,4,0,-1.156230569,0,0,0,1,1,,0.32,,,,,
2231,0,0,-0.219106883,1,0,1,1,1,,0.51,,,,,
5395,0,0,-1.366053939,0,0,0,1,1,,0.28,,,,,
5441,2,0,-1.723661661,1,0,1,1,1,,0.20,,,,,
5083,0,0,-0.320679784,1,0,1,1,1,,0.49,,,,,
2129,1,1,-1.423979878,1,0,1,1,1,,0.27,,,,,
4012,2,0,-0.132870346,1,0,1,1,1,,0.53,,,,,
568,2,1,-1.319210887,0,0,0,1,1,,0.29,,,,,
1693,2,0,-2.403894186,0,0,0,1,1,,0.07,,,,,
2418,0,0,-1.007355809,0,0,0,1,1,,0.35,,,,,
5478,0,0,-1.277420878,0,0,0,1,1,,0.30,,,,,
1515,0,1,-0.916191161,0,0,0,1,1,,0.37,,,,,
910,0,0,-1.012774587,1,0,1,1,1,,0.35,,,,,
2515,0,0,-0.582769394,1,0,1,1,1,,0.44,,,,,
5781,2,1,-1.87443924,0,0,0,1,1,,0.17,,,,,
1367,0,0,0.134517536,1,1,0,1,1,,0.59,,,,,
2872,2,1,-2.46462369,0,0,0,1,1,,0.05,,,,,
3425,0,0,-0.701737881,1,0,1,1,1,,0.41,,,,,
5784,0,0,-1.3322891,0,0,0,1,1,,0.29,,,,,
349,0,0,-1.131244659,0,0,0,1,1,,0.33,,,,,
283,0,0,-0.735043824,1,0,1,1,1,,0.41,,,,,
2832,2,1,-0.482949495,1,0,1,1,1,,0.46,,,,,
320,2,0,-0.181514621,0,0,0,1,1,,0.52,,,,,
2385,2,1,-2.4692173,0,0,0,1,1,,0.05,,,,,
1053,1,0,-1.676966071,0,0,0,1,1,,0.21,,,,,
463,2,0,-1.500339866,0,0,0,1,1,,0.25,,,,,
2344,2,0,-1.274898767,0,0,0,1,1,,0.30,,,,,
2983,0,0,0.123844393,1,1,0,1,1,,0.58,,,,,
4782,2,0,-0.311389685,1,0,1,1,1,,0.49,,,,,
579,1,1,-0.804132164,0,0,0,1,1,,0.39,,,,,
3683,2,0,-0.50281018,1,0,1,1,1,,0.45,,,,,
1745,0,1,-2.436665773,0,0,0,1,1,,0.06,,,,,
5138,0,0,1.118137717,1,1,0,0,1,,0.79,,,,,
5887,0,0,-1.183141828,0,0,0,1,1,,0.32,,,,,
3762,1,0,-2.202062607,0,0,0,1,1,,0.11,,,,,
4786,0,0,-0.401349843,1,0,1,1,1,,0.48,,,,,
3485,1,0,0.064809822,1,1,0,1,1,,0.57,,,,,
2640,0,0,-0.12622492,1,0,1,1,1,,0.53,,,,,
1037,2,0,-1.013626814,1,0,1,1,1,,0.35,,,,,
915,1,0,-1.011148214,0,0,0,1,1,,0.35,,,,,
552,2,1,-0.617295086,0,0,0,1,1,,0.43,,,,,
3910,0,0,-0.64026612,1,0,1,1,1,,0.43,,,,,
1050,0,0,-0.316354722,0,0,0,1,1,,0.49,,,,,
5082,2,0,-1.874350429,0,0,0,1,1,,0.17,,,,,
1541,2,0,-1.64951551,0,0,0,1,1,,0.22,,,,,
2168,0,0,-1.374865174,1,0,1,1,1,,0.28,,,,,
5382,0,1,-1.383978009,0,0,0,1,1,,0.27,,,,,
952,0,0,-1.904220223,0,0,0,1,1,,0.17,,,,,
4656,2,0,-1.722008824,0,0,0,1,1,,0.21,,,,,
4936,2,0,-1.01119411,0,0,0,1,1,,0.35,,,,,
939,2,0,-2.52471137,0,0,0,1,1,,0.04,,,,,
602,2,0,-1.725286365,0,0,0,1,1,,0.20,,,,,
4962,1,0,-1.406181931,1,0,1,1,1,,0.27,,,,,
4350,2,1,-0.212952137,1,0,1,1,1,,0.51,,,,,
3905,2,1,-1.475437284,1,0,1,1,1,,0.26,,,,,
3625,0,0,0.645937085,1,1,0,1,1,,0.69,,,,,
726,2,1,-2.322724342,0,0,0,1,1,,0.08,,,,,
4824,0,0,-0.168560922,1,0,1,1,1,,0.52,,,,,
5077,2,0,0.093127824,1,1,0,1,1,,0.58,,,,,
4326,0,0,-1.303294301,0,0,0,1,1,,0.29,,,,,
2605,0,1,-0.828590214,1,0,1,1,1,,0.39,,,,,
3010,2,0,-1.453462839,0,0,0,1,1,,0.26,,,,,
1561,2,0,-2.355094194,0,0,0,1,1,,0.08,,,,,
6076,2,0,-1.744858742,0,0,0,1,1,,0.20,,,,,
4086,0,0,-1.074824452,1,0,1,1,1,,0.34,,,,,
5569,0,0,-1.076497197,1,0,1,1,1,,0.34,,,,,
2951,2,0,-0.950644612,1,0,1,1,1,,0.36,,,,,
6061,1,0,-1.884880662,0,0,0,1,1,,0.17,,,,,
4111,2,1,-2.012495041,0,0,0,1,1,,0.15,,,,,
6025,5,1,-1.055600286,0,0,0,1,1,,0.34,,,,,
2876,2,0,-0.605839491,1,0,1,1,1,,0.43,,,,,
328,0,1,-0.718287766,0,0,0,1,1,,0.41,,,,,
4319,2,0,0.737644255,1,1,0,1,1,,0.71,,,,,
431,0,0,0.106680885,0,1,-1,1,1,,0.58,,,,,
2906,0,0,-0.314263642,1,0,1,1,1,,0.49,,,,,
6033,5,0,0.421494007,1,1,0,1,1,,0.64,,,,,
220,0,0,-0.854460061,0,0,0,1,1,,0.38,,,,,
5801,2,0,0.583315611,1,1,0,1,1,,0.68,,,,,
5644,2,1,-1.612815022,1,0,1,1,1,,0.23,,,,,
873,2,0,-0.613047123,1,0,1,1,1,,0.43,,,,,
830,1,0,-2.079466105,0,0,0,1,1,,0.13,,,,,
2930,0,1,-0.907383382,0,0,0,1,1,,0.37,,,,,
4321,2,0,-0.14024739,0,0,0,1,1,,0.53,,,,,
2793,2,1,0.112600185,0,1,-1,1,1,,0.58,,,,,
344,0,0,0.238981217,1,1,0,1,1,,0.61,,,,,
4125,2,0,-2.005488157,0,0,0,1,1,,0.15,,,,,
372,0,0,-1.733338714,1,0,1,1,1,,0.20,,,,,
3385,0,0,0.027567578,1,1,0,1,1,,0.56,,,,,
6124,0,0,-1.136852622,0,0,0,1,1,,0.33,,,,,
2613,0,0,-0.433088362,0,0,0,1,1,,0.47,,,,,
4227,0,0,-0.04863612,1,1,0,1,1,,0.55,,,,,
5066,2,0,-1.504196525,0,0,0,1,1,,0.25,,,,,
1126,2,0,-0.674437344,1,0,1,1,1,,0.42,,,,,
2574,0,0,-1.551748872,0,0,0,1,1,,0.24,,,,,
5749,0,0,-0.242497474,1,0,1,1,1,,0.51,,,,,
1835,0,0,-1.211936831,0,0,0,1,1,,0.31,,,,,
5604,0,0,-1.314074278,1,0,1,1,1,,0.29,,,,,
3041,1,1,-1.244598031,1,0,1,1,1,,0.30,,,,,
4971,0,0,1.794152975,1,1,0,2,0,,0.93,,,,,
2568,0,0,-1.644763827,0,0,0,1,1,,0.22,,,,,
4240,1,0,-2.209030867,1,0,1,1,1,,0.11,,,,,
3960,2,0,-1.187869072,0,0,0,1,1,,0.31,,,,,
2600,1,0,-0.718422949,1,0,1,1,1,,0.41,,,,,
4908,2,0,-0.523751318,1,0,1,1,1,,0.45,,,,,
3774,2,1,-1.902492166,1,0,1,1,1,,0.17,,,,,
1553,5,0,-1.490811348,0,0,0,1,1,,0.25,,,,,
2596,0,0,0.500113308,1,1,0,1,1,,0.66,,,,,
4973,2,0,0.54172045,1,1,0,1,1,,0.67,,,,,
3177,1,0,-0.362848341,1,0,1,1,1,,0.48,,,,,
2139,2,0,-1.638877273,0,0,0,1,1,,0.22,,,,,
3978,1,0,-0.07121712,1,1,0,1,1,,0.54,,,,,
515,5,0,-1.67609489,1,0,1,1,1,,0.21,,,,,
4998,2,0,-1.520933032,0,0,0,1,1,,0.25,,,,,
2007,0,1,-0.528012812,1,0,1,1,1,,0.45,,,,,
5842,0,0,-0.98485738,1,0,1,1,1,,0.36,,,,,
839,2,0,-2.048886061,1,0,1,1,1,,0.14,,,,,
1139,2,0,-1.712440968,0,0,0,1,1,,0.21,,,,,
5692,0,0,-0.720068514,1,0,1,1,1,,0.41,,,,,
3919,2,0,-1.882228255,0,0,0,1,1,,0.17,,,,,
3412,0,0,-0.1638643,1,0,1,1,1,,0.52,,,,,
5078,0,0,-0.731369793,1,0,1,1,1,,0.41,,,,,
1316,1,0,-1.72401154,0,0,0,1,1,,0.20,,,,,
3939,0,0,0.53300029,0,1,-1,1,1,,0.67,,,,,
406,0,0,0.385850668,1,1,0,1,1,,0.64,,,,,
1841,2,0,-2.066883326,0,0,0,1,1,,0.13,,,,,
2649,5,0,-0.186907202,1,0,1,1,1,,0.52,,,,,
2589,2,0,-1.957560062,1,0,1,1,1,,0.16,,,,,
4438,2,0,-1.013820529,0,0,0,1,1,,0.35,,,,,
3975,2,0,-1.496585608,1,0,1,1,1,,0.25,,,,,
4891,2,0,-1.461925268,0,0,0,1,1,,0.26,,,,,
3180,1,0,-1.409906864,0,0,0,1,1,,0.27,,,,,
710,2,0,-1.530148268,0,0,0,1,1,,0.24,,,,,
1252,0,0,-0.58526057,1,0,1,1,1,,0.44,,,,,
4763,0,0,0.138810232,1,1,0,1,1,,0.59,,,,,
4416,0,0,-1.071371317,0,0,0,1,1,,0.34,,,,,
4952,2,0,-1.654394269,0,0,0,1,1,,0.22,,,,,
3976,0,0,-1.166127086,0,0,0,1,1,,0.32,,,,,
4512,2,0,-1.739806771,0,0,0,1,1,,0.20,,,,,
2740,2,0,-2.042817354,0,0,0,1,1,,0.14,,,,,
3066,5,0,-0.756164491,0,0,0,1,1,,0.40,,,,,
2840,1,0,-1.201175213,1,0,1,1,1,,0.31,,,,,
2466,1,0,-1.040545225,0,0,0,1,1,,0.34,,,,,
5091,0,0,-1.300479054,0,0,0,1,1,,0.29,,,,,
3551,5,0,0.023609148,1,1,0,1,1,,0.56,,,,,
3670,2,0,-0.758574665,0,0,0,1,1,,0.40,,,,,
2532,2,0,-0.890631735,0,0,0,1,1,,0.38,,,,,
112,0,0,1.04855597,1,1,0,1,1,,0.77,,,,,
4068,0,0,-1.285007119,0,0,0,1,1,,0.29,,,,,
64,0,0,-0.623975337,1,0,1,1,1,,0.43,,,,,
1438,2,0,-2.466161966,0,0,0,1,1,,0.05,,,,,
1357,0,0,-1.851026773,0,0,0,1,1,,0.18,,,,,
5345,2,0,-1.003095508,1,0,1,1,1,,0.35,,,,,
3035,0,0,-1.412495732,0,0,0,1,1,,0.27,,,,,
3307,0,0,0.353228867,1,1,0,1,1,,0.63,,,,,
3339,0,1,-1.626191139,1,0,1,1,1,,0.22,,,,,
2432,0,1,-0.826817811,0,0,0,1,1,,0.39,,,,,
3296,0,0,0.569164991,1,1,0,1,1,,0.67,,,,,
5681,0,0,-0.506520033,0,0,0,1,1,,0.45,,,,,
3824,2,0,-1.768378854,0,0,0,1,1,,0.20,,,,,
5913,0,0,-0.140891507,1,0,1,1,1,,0.53,,,,,
1986,2,0,-1.957450509,0,0,0,1,1,,0.16,,,,,
523,0,0,-1.954958558,0,0,0,1,1,,0.16,,,,,
1043,1,0,-0.893899024,1,0,1,1,1,,0.37,,,,,
1311,1,0,-1.855997801,1,0,1,1,1,,0.18,,,,,
2109,0,1,-2.656121969,0,0,0,1,1,,0.01,,,,,
3151,0,1,0.006453345,1,1,0,1,1,,0.56,,,,,
1059,2,0,-2.431611538,0,0,0,1,1,,0.06,,,,,
1759,0,0,-1.610288262,1,0,1,1,1,,0.23,,,,,
1770,2,0,-1.208407998,1,0,1,1,1,,0.31,,,,,
280,0,0,-0.670468152,0,0,0,1,1,,0.42,,,,,
2685,0,1,-1.217022777,1,0,1,1,1,,0.31,,,,,
2993,2,0,-2.160816193,0,0,0,1,1,,0.12,,,,,
4213,0,0,-0.776538908,1,0,1,1,1,,0.40,,,,,
2520,0,0,-0.908306479,1,0,1,1,1,,0.37,,,,,
5495,0,0,-0.137941778,0,0,0,1,1,,0.53,,,,,
197,1,1,-1.81678617,0,0,0,1,1,,0.19,,,,,
258,5,0,-0.485729218,0,0,0,1,1,,0.46,,,,,
5177,1,0,-1.569043517,0,0,0,1,1,,0.24,,,,,
1155,2,0,-2.05618453,1,0,1,1,1,,0.14,,,,,
2602,0,0,-1.040852547,0,0,0,1,1,,0.34,,,,,
4413,2,0,-0.77598685,0,0,0,1,1,,0.40,,,,,
2404,0,0,0.097841926,1,1,0,1,1,,0.58,,,,,
3338,0,0,-0.034399249,0,1,-1,1,1,,0.55,,,,,
4785,0,0,-0.776699066,0,0,0,1,1,,0.40,,,,,
5660,0,0,-1.013198495,1,0,1,1,1,,0.35,,,,,
1951,2,0,-1.954165339,0,0,0,1,1,,0.16,,,,,
1558,1,0,-1.848602057,0,0,0,1,1,,0.18,,,,,
5038,2,0,-1.924276233,0,0,0,1,1,,0.16,,,,,
1659,0,0,-1.198328614,1,0,1,1,1,,0.31,,,,,
906,2,0,-1.672368407,1,0,1,1,1,,0.22,,,,,
775,1,0,-0.569881856,1,0,1,1,1,,0.44,,,,,
1796,0,1,-0.345609576,1,0,1,1,1,,0.49,,,,,
5830,0,0,-0.267919838,0,0,0,1,1,,0.50,,,,,
5515,0,0,-1.362611532,0,0,0,1,1,,0.28,,,,,
4885,0,0,-1.384602189,0,0,0,1,1,,0.27,,,,,
5618,0,0,2.072373152,0,1,-1,2,0,,0.98,,,,,
983,2,0,-0.881946027,0,0,0,1,1,,0.38,,,,,
5839,0,0,-0.931325972,1,0,1,1,1,,0.37,,,,,
4970,2,0,-1.022868156,1,0,1,1,1,,0.35,,,,,
3298,0,0,-1.410464048,1,0,1,1,1,,0.27,,,,,
5686,0,0,-0.957115471,1,0,1,1,1,,0.36,,,,,
2197,2,0,-2.365172386,1,0,1,1,1,,0.07,,,,,
1092,2,0,-2.54293704,0,0,0,1,1,,0.04,,,,,
4519,0,0,-1.021306396,0,0,0,1,1,,0.35,,,,,
2462,0,0,-0.966099083,1,0,1,1,1,,0.36,,,,,
1502,2,1,-2.073591948,0,0,0,1,1,,0.13,,,,,
3318,2,0,-1.090973258,1,0,1,1,1,,0.33,,,,,
732,0,1,-2.502706051,0,0,0,1,1,,0.05,,,,,
413,0,0,-0.711916029,1,0,1,1,1,,0.41,,,,,
6062,2,0,-0.890216112,1,0,1,1,1,,0.38,,,,,
31,5,0,-2.267806053,0,0,0,1,1,,0.09,,,,,
5672,2,0,-0.308240891,1,0,1,1,1,,0.49,,,,,
5512,2,0,-0.892121971,0,0,0,1,1,,0.38,,,,,
4243,5,0,-1.464353681,1,0,1,1,1,,0.26,,,,,
1443,0,0,-1.094540238,1,0,1,1,1,,0.33,,,,,
4014,0,0,-0.859599233,0,0,0,1,1,,0.38,,,,,
1606,1,0,-0.772178173,1,0,1,1,1,,0.40,,,,,
5175,2,0,-0.908421218,1,0,1,1,1,,0.37,,,,,
1948,0,0,-0.724929273,1,0,1,1,1,,0.41,,,,,
5539,2,0,-0.09384539,1,1,0,1,1,,0.54,,,,,
1892,0,0,-0.622046888,0,0,0,1,1,,0.43,,,,,
241,0,0,-1.58286202,0,0,0,1,1,,0.23,,,,,
3678,0,0,-1.572182178,0,0,0,1,1,,0.24,,,,,
3267,0,0,-0.440349877,1,0,1,1,1,,0.47,,,,,
4431,2,0,-1.949233532,0,0,0,1,1,,0.16,,,,,
2065,2,0,0.126596212,1,1,0,1,1,,0.58,,,,,
4878,2,0,-1.507521033,0,0,0,1,1,,0.25,,,,,
1,0,0,-1.701905489,1,0,1,1,1,,0.21,,,,,
2579,0,0,-1.177513599,0,0,0,1,1,,0.32,,,,,
4779,0,0,1.433569551,0,1,-1,2,0,,0.85,,,,,
63,0,1,-0.367047727,0,0,0,1,1,,0.48,,,,,
4108,2,1,-1.988577962,0,0,0,1,1,,0.15,,,,,
1620,0,0,-1.763001323,0,0,0,1,1,,0.20,,,,,
3605,2,0,-1.790217876,0,0,0,1,1,,0.19,,,,,
6054,2,0,-1.106668234,0,0,0,1,1,,0.33,,,,,
4132,0,0,-0.686638057,0,0,0,1,1,,0.42,,,,,
3787,0,0,-0.667165339,1,0,1,1,1,,0.42,,,,,
477,0,0,-0.197810471,1,0,1,1,1,,0.52,,,,,
2181,2,0,-1.213321805,0,0,0,1,1,,0.31,,,,,
3097,2,0,-1.538978934,0,0,0,1,1,,0.24,,,,,
5262,0,1,-1.278734088,1,0,1,1,1,,0.30,,,,,
3528,0,0,-0.159538358,1,0,1,1,1,,0.53,,,,,
1581,2,0,-0.115229532,1,0,1,1,1,,0.53,,,,,
4360,0,0,-0.685292065,1,0,1,1,1,,0.42,,,,,
2395,1,0,-1.436934829,0,0,0,1,1,,0.26,,,,,
1206,0,0,-0.407507211,1,0,1,1,1,,0.47,,,,,
418,0,0,0.869115949,1,1,0,1,1,,0.74,,,,,
4143,2,0,-1.154175162,0,0,0,1,1,,0.32,,,,,
50,2,1,-2.116503716,1,0,1,1,1,,0.12,,,,,
4486,0,0,-1.035452485,1,0,1,1,1,,0.35,,,,,
1817,0,0,0.683593333,1,1,0,1,1,,0.70,,,,,
3371,0,1,-1.169611692,0,0,0,1,1,,0.32,,,,,
5294,2,0,-0.362028897,0,0,0,1,1,,0.48,,,,,
2146,5,0,-0.418704033,1,0,1,1,1,,0.47,,,,,
2839,2,0,-1.807046652,0,0,0,1,1,,0.19,,,,,
3780,2,0,-1.892486215,0,0,0,1,1,,0.17,,,,,
2847,0,0,0.300996125,1,1,0,1,1,,0.62,,,,,
3837,0,0,-0.175390527,1,0,1,1,1,,0.52,,,,,
415,2,0,-1.85840261,0,0,0,1,1,,0.18,,,,,
608,0,0,-1.747190356,0,0,0,1,1,,0.20,,,,,
179,0,0,-1.334827542,0,0,0,1,1,,0.28,,,,,
3456,0,1,-2.021969318,1,0,1,1,1,,0.14,,,,,
2487,2,0,-1.298354387,1,0,1,1,1,,0.29,,,,,
5102,0,0,-0.649177134,1,0,1,1,1,,0.42,,,,,
394,2,0,-0.931868732,0,0,0,1,1,,0.37,,,,,
3564,0,0,1.055172324,1,1,0,1,1,,0.77,,,,,
4461,0,0,-0.715786159,1,0,1,1,1,,0.41,,,,,
1196,2,0,-1.11924994,0,0,0,1,1,,0.33,,,,,
1814,0,1,-0.502515912,1,0,1,1,1,,0.46,,,,,
2093,0,0,-1.370410085,0,0,0,1,1,,0.28,,,,,
3014,0,1,-1.41562283,1,0,1,1,1,,0.27,,,,,
750,0,0,-1.112874389,1,0,1,1,1,,0.33,,,,,
4663,2,0,-1.997291923,0,0,0,1,1,,0.15,,,,,
5361,0,0,0.34645164,1,1,0,1,1,,0.63,,,,,
3091,2,0,-1.263020873,0,0,0,1,1,,0.30,,,,,
5386,2,1,-0.817972004,0,0,0,1,1,,0.39,,,,,
405,1,0,-2.580539465,0,0,0,1,1,,0.03,,,,,
2337,0,0,-0.131429926,1,0,1,1,1,,0.53,,,,,
4622,1,0,1.090499878,1,1,0,1,1,,0.78,,,,,
2977,1,1,-1.452263832,0,0,0,1,1,,0.26,,,,,
3947,0,0,-0.915526986,1,0,1,1,1,,0.37,,,,,
923,0,1,-2.521992683,0,0,0,1,1,,0.04,,,,,
4439,2,1,-1.90834105,0,0,0,1,1,,0.17,,,,,
5939,0,0,-0.670656919,0,0,0,1,1,,0.42,,,,,
1283,0,0,-1.19202292,1,0,1,1,1,,0.31,,,,,
6064,2,0,-1.039109588,0,0,0,1,1,,0.35,,,,,
3495,0,1,-2.432985067,0,0,0,1,1,,0.06,,,,,
278,0,0,-0.739367545,0,0,0,1,1,,0.41,,,,,
5470,0,0,-1.122312665,0,0,0,1,1,,0.33,,,,,
3966,2,0,-1.241494536,0,0,0,1,1,,0.30,,,,,
5745,0,0,1.940268993,1,1,0,2,0,,0.96,,,,,
1364,0,0,-1.523819566,0,0,0,1,1,,0.25,,,,,
1072,1,1,-1.810566306,1,0,1,1,1,,0.19,,,,,
1131,0,0,-0.956706226,1,0,1,1,1,,0.36,,,,,
2144,0,1,-0.337398618,0,0,0,1,1,,0.49,,,,,
5523,0,1,-1.943632722,0,0,0,1,1,,0.16,,,,,
4550,0,0,-0.867986619,1,0,1,1,1,,0.38,,,,,
5984,0,1,-1.654314637,0,0,0,1,1,,0.22,,,,,
2910,0,1,-1.198924541,0,0,0,1,1,,0.31,,,,,
930,2,0,-2.473541021,0,0,0,1,1,,0.05,,,,,
5540,0,0,-0.782418191,1,0,1,1,1,,0.40,,,,,
3588,0,1,-0.48395741,1,0,1,1,1,,0.46,,,,,
2300,2,0,-0.303875953,1,0,1,1,1,,0.50,,,,,
5571,0,0,-1.264367104,1,0,1,1,1,,0.30,,,,,
2856,0,0,0.032112982,1,1,0,1,1,,0.56,,,,,
4745,2,0,-0.481589288,1,0,1,1,1,,0.46,,,,,
5884,0,0,-0.209346622,0,0,0,1,1,,0.52,,,,,
1748,2,0,-2.175359964,1,0,1,1,1,,0.11,,,,,
379,0,1,-1.033460736,0,0,0,1,1,,0.35,,,,,
4990,2,0,-1.608620048,0,0,0,1,1,,0.23,,,,,
3891,1,0,-1.528182149,0,0,0,1,1,,0.24,,,,,
3845,0,0,0.263963968,1,1,0,1,1,,0.61,,,,,
247,1,0,-2.362732649,0,0,0,1,1,,0.07,,,,,
4691,2,0,-0.489937842,0,0,0,1,1,,0.46,,,,,
4507,1,0,-1.98060739,0,0,0,1,1,,0.15,,,,,
3435,1,0,-0.421377361,1,0,1,1,1,,0.47,,,,,
1722,0,1,-1.316102147,0,0,0,1,1,,0.29,,,,,
4922,0,0,-0.217118412,1,0,1,1,1,,0.51,,,,,
2009,2,0,-0.518306792,0,0,0,1,1,,0.45,,,,,
907,2,0,-1.58654964,0,0,0,1,1,,0.23,,,,,
1229,2,0,-2.404909372,0,0,0,1,1,,0.07,,,,,
2112,0,0,-1.154080749,0,0,0,1,1,,0.32,,,,,
3288,2,0,-0.993077099,1,0,1,1,1,,0.35,,,,,
3703,2,0,-1.923750401,1,0,1,1,1,,0.16,,,,,
2108,0,0,-2.046451092,0,0,0,1,1,,0.14,,,,,
4644,2,1,-1.054991603,0,0,0,1,1,,0.34,,,,,
2038,2,0,-0.998540461,0,0,0,1,1,,0.35,,,,,
196,2,0,-1.574320793,0,0,0,1,1,,0.24,,,,,
2973,2,0,-0.798383415,1,0,1,1,1,,0.39,,,,,
973,0,0,0.175890714,1,1,0,1,1,,0.59,,,,,
5158,2,0,-0.331427723,0,0,0,1,1,,0.49,,,,,
1844,1,1,-2.411753416,1,0,1,1,1,,0.06,,,,,
5137,0,0,-0.978947222,1,0,1,1,1,,0.36,,,,,
4968,1,0,-1.003204703,0,0,0,1,1,,0.35,,,,,
4097,0,1,-1.343540907,0,0,0,1,1,,0.28,,,,,
5407,0,0,-1.351669312,0,0,0,1,1,,0.28,,,,,
928,2,0,-0.595642686,0,0,0,1,1,,0.44,,,,,
4566,2,0,-1.660749555,0,0,0,1,1,,0.22,,,,,
6040,2,0,0.129897594,1,1,0,1,1,,0.58,,,,,
3749,0,0,-0.57200247,0,0,0,1,1,,0.44,,,,,
2545,0,0,-1.183500528,1,0,1,1,1,,0.32,,,,,
5825,0,1,0.505408108,1,1,0,1,1,,0.66,,,,,
4146,0,0,-0.617851436,0,0,0,1,1,,0.43,,,,,
629,2,0,-1.925835371,0,0,0,1,1,,0.16,,,,,
4996,0,0,-0.911777556,0,0,0,1,1,,0.37,,,,,
2904,2,0,-0.652478337,1,0,1,1,1,,0.42,,,,,
1431,2,0,-1.950100303,1,0,1,1,1,,0.16,,,,,
4074,0,0,-0.001184009,1,1,0,1,1,,0.56,,,,,
2590,0,1,-0.533315003,1,0,1,1,1,,0.45,,,,,
2622,0,1,-0.171219379,1,0,1,1,1,,0.52,,,,,
3007,5,0,-0.050835166,1,1,0,1,1,,0.55,,,,,
4688,5,0,-1.51589489,0,0,0,1,1,,0.25,,,,,
817,0,0,-0.477517545,1,0,1,1,1,,0.46,,,,,
4767,0,0,0.170961186,1,1,0,1,1,,0.59,,,,,
1024,2,0,-2.128955841,0,0,0,1,1,,0.12,,,,,
2696,2,0,-2.2718606,1,0,1,1,1,,0.09,,,,,
3352,0,1,-0.590948045,1,0,1,1,1,,0.44,,,,,
1465,2,1,-2.602863073,0,0,0,1,1,,0.02,,,,,
3036,2,0,-0.43095839,1,0,1,1,1,,0.47,,,,,
5000,1,0,-1.932416081,1,0,1,1,1,,0.16,,,,,
3253,5,0,-2.43571353,0,0,0,1,1,,0.06,,,,,
5531,0,0,-1.553143382,1,0,1,1,1,,0.24,,,,,
1307,2,0,-0.506637633,0,0,0,1,1,,0.45,,,,,
3024,2,1,-1.279598117,0,0,0,1,1,,0.30,,,,,
1782,0,0,-0.634143293,0,0,0,1,1,,0.43,,,,,
4292,0,1,1.730989456,1,1,0,2,0,,0.91,,,,,
187,0,0,-2.071249247,0,0,0,1,1,,0.13,,,,,
816,0,0,-0.685602367,0,0,0,1,1,,0.42,,,,,
3534,2,0,-0.546603918,0,0,0,1,1,,0.45,,,,,
3320,1,0,-1.984612942,0,0,0,1,1,,0.15,,,,,
367,2,0,-2.551907778,0,0,0,1,1,,0.04,,,,,
113,2,0,-0.881908,1,0,1,1,1,,0.38,,,,,
618,0,0,0.053387687,1,1,0,1,1,,0.57,,,,,
1681,0,0,-0.806477726,1,0,1,1,1,,0.39,,,,,
2147,2,1,0.596784294,1,1,0,1,1,,0.68,,,,,
976,0,0,-1.210520148,0,0,0,1,1,,0.31,,,,,
4099,0,0,-1.155585885,0,0,0,1,1,,0.32,,,,,
5254,0,0,-1.27238214,0,0,0,1,1,,0.30,,,,,
4236,2,0,-1.42226243,0,0,0,1,1,,0.27,,,,,
2570,0,1,-2.554386616,0,0,0,1,1,,0.03,,,,,
3652,2,0,-0.985233724,0,0,0,1,1,,0.36,,,,,
3502,1,0,-0.958113611,0,0,0,1,1,,0.36,,,,,
18,2,1,-1.435581446,1,0,1,1,1,,0.26,,,,,
101,0,0,-0.066815436,0,1,-1,1,1,,0.54,,,,,
2153,2,0,-1.971425891,1,0,1,1,1,,0.15,,,,,
3974,2,1,-1.289975405,0,0,0,1,1,,0.29,,,,,
3578,0,0,0.164458528,1,1,0,1,1,,0.59,,,,,
5002,5,0,-1.818537354,1,0,1,1,1,,0.19,,,,,
1441,0,0,-0.026760871,1,1,0,1,1,,0.55,,,,,
2379,0,0,-1.135898948,1,0,1,1,1,,0.33,,,,,
3228,2,1,-1.318596005,1,0,1,1,1,,0.29,,,,,
1705,2,0,0.465575516,1,1,0,1,1,,0.65,,,,,
2467,2,1,-2.166116476,0,0,0,1,1,,0.11,,,,,
11,0,0,-0.557549894,1,0,1,1,1,,0.44,,,,,
944,0,0,-1.314362049,1,0,1,1,1,,0.29,,,,,
68,5,0,-0.19246681,1,0,1,1,1,,0.52,,,,,
3467,5,1,-2.502490997,0,0,0,1,1,,0.05,,,,,
3935,0,0,-0.96952033,1,0,1,1,1,,0.36,,,,,
3784,0,0,-1.390476465,0,0,0,1,1,,0.27,,,,,
1076,0,0,-0.117345683,1,0,1,1,1,,0.53,,,,,
4378,2,0,-1.295667529,0,0,0,1,1,,0.29,,,,,
1294,2,0,-2.291557074,1,0,1,1,1,,0.09,,,,,
4010,0,0,-0.182609633,1,0,1,1,1,,0.52,,,,,
3476,0,0,1.804378629,1,1,0,2,0,,0.93,,,,,
6129,0,0,-1.009135485,1,0,1,1,1,,0.35,,,,,
4804,0,0,-0.805178881,0,0,0,1,1,,0.39,,,,,
630,0,0,0.02037253,1,1,0,1,1,,0.56,,,,,
5550,5,0,-1.864980459,0,0,0,1,1,,0.18,,,,,
5538,5,0,-1.280667067,1,0,1,1,1,,0.30,,,,,
2087,2,0,-1.730026603,0,0,0,1,1,,0.20,,,,,
4222,2,1,-1.671815753,1,0,1,1,1,,0.22,,,,,
489,2,0,0.054345634,1,1,0,1,1,,0.57,,,,,
3591,0,0,-1.82421267,0,0,0,1,1,,0.18,,,,,
4430,0,1,-1.040251136,1,0,1,1,1,,0.34,,,,,
4495,2,0,-1.410758495,1,0,1,1,1,,0.27,,,,,
811,0,0,-0.32021755,1,0,1,1,1,,0.49,,,,,
955,2,0,-1.304605842,0,0,0,1,1,,0.29,,,,,
351,0,0,-0.444856763,0,0,0,1,1,,0.47,,,,,
4295,2,0,-1.923224211,0,0,0,1,1,,0.16,,,,,
167,0,0,0.183890417,1,1,0,1,1,,0.60,,,,,
308,0,0,-0.633359134,1,0,1,1,1,,0.43,,,,,
2134,2,0,-2.390042067,1,0,1,1,1,,0.07,,,,,
5032,0,0,-0.551356733,0,0,0,1,1,,0.45,,,,,
3924,4,0,-1.905219555,0,0,0,1,1,,0.17,,,,,
3677,0,0,-0.276138365,1,0,1,1,1,,0.50,,,,,
3196,0,1,-1.773920417,0,0,0,1,1,,0.19,,,,,
2578,0,0,0.142675072,1,1,0,1,1,,0.59,,,,,
4714,2,0,-1.658408999,0,0,0,1,1,,0.22,,,,,
3163,0,1,-0.587032259,0,0,0,1,1,,0.44,,,,,
5638,2,0,-0.457346529,1,0,1,1,1,,0.46,,,,,
714,2,0,-1.093074918,0,0,0,1,1,,0.33,,,,,
1162,0,1,-0.516002238,0,0,0,1,1,,0.45,,,,,
5119,2,0,-1.011324286,1,0,1,1,1,,0.35,,,,,
500,1,0,-2.512779951,0,0,0,1,1,,0.04,,,,,
1719,5,0,-1.006869078,1,0,1,1,1,,0.35,,,,,
2001,0,0,-1.227250934,0,0,0,1,1,,0.31,,,,,
4979,0,0,1.768662095,1,1,0,2,0,,0.92,,,,,
5508,2,0,0.333934009,1,1,0,1,1,,0.63,,,,,
5306,0,0,-0.533898652,0,0,0,1,1,,0.45,,,,,
4530,2,0,0.461404592,1,1,0,1,1,,0.65,,,,,
4523,1,0,-1.78131783,0,0,0,1,1,,0.19,,,,,
3614,0,0,-0.067378446,1,1,0,1,1,,0.54,,,,,
1802,2,0,-1.71269834,0,0,0,1,1,,0.21,,,,,
4367,2,0,-1.939912796,0,0,0,1,1,,0.16,,,,,
5564,5,0,-1.293419838,1,0,1,1,1,,0.29,,,,,
350,2,0,-1.962633252,1,0,1,1,1,,0.16,,,,,
5331,1,0,-1.98504889,0,0,0,1,1,,0.15,,,,,
5713,0,0,-0.59245497,1,0,1,1,1,,0.44,,,,,
163,5,0,-1.549144626,1,0,1,1,1,,0.24,,,,,
3696,2,0,-1.983623028,1,0,1,1,1,,0.15,,,,,
2384,0,1,-0.579458296,0,0,0,1,1,,0.44,,,,,
5454,2,0,-1.712042212,1,0,1,1,1,,0.21,,,,,
1147,0,0,1.210128427,1,1,0,2,1,,0.81,,,,,
2111,0,1,-1.375033855,0,0,0,1,1,,0.28,,,,,
69,1,0,-2.58732748,0,0,0,1,1,,0.03,,,,,
9,1,0,-1.986521363,0,0,0,1,1,,0.15,,,,,
5596,0,0,-0.853809953,0,0,0,1,1,,0.38,,,,,
5977,0,0,-1.096278548,1,0,1,1,1,,0.33,,,,,
1998,0,0,-0.168446481,0,0,0,1,1,,0.52,,,,,
4705,2,0,-0.569716275,0,0,0,1,1,,0.44,,,,,
2216,2,0,-1.188330531,0,0,0,1,1,,0.31,,,,,
773,0,0,0.533130765,1,1,0,1,1,,0.67,,,,,
5173,2,0,0.029744091,1,1,0,1,1,,0.56,,,,,
4771,2,0,-0.292990088,0,0,0,1,1,,0.50,,,,,
4426,0,0,-0.631890714,1,0,1,1,1,,0.43,,,,,
5562,0,0,-1.031091213,0,0,0,1,1,,0.35,,,,,
2807,0,0,-1.06691432,1,0,1,1,1,,0.34,,,,,
5780,0,0,-0.898417592,0,0,0,1,1,,0.37,,,,,
2687,0,0,-0.988168657,1,0,1,1,1,,0.36,,,,,
1106,2,0,-2.490469217,0,0,0,1,1,,0.05,,,,,
4857,0,0,-0.947733164,1,0,1,1,1,,0.36,,,,,
3145,5,0,-1.543333054,1,0,1,1,1,,0.24,,,,,
2633,2,0,0.283190668,1,1,0,1,1,,0.62,,,,,
4867,1,0,-1.299769402,1,0,1,1,1,,0.29,,,,,
2299,0,1,-0.678281546,0,0,0,1,1,,0.42,,,,,
4670,2,1,-1.223254561,1,0,1,1,1,,0.31,,,,,
4951,0,1,-1.612092733,1,0,1,1,1,,0.23,,,,,
1416,5,0,-2.528318644,1,0,1,1,1,,0.04,,,,,
5957,0,1,-1.666394591,0,0,0,1,1,,0.22,,,,,
6160,0,0,-0.520441592,1,0,1,1,1,,0.45,,,,,
3305,0,0,-0.388015628,1,0,1,1,1,,0.48,,,,,
5972,2,1,-1.85750711,0,0,0,1,1,,0.18,,,,,
2824,0,0,-0.760255575,1,0,1,1,1,,0.40,,,,,
1427,0,0,-0.297028303,1,0,1,1,1,,0.50,,,,,
723,0,1,-2.504633188,0,0,0,1,1,,0.04,,,,,
1020,0,1,-2.542934418,0,0,0,1,1,,0.04,,,,,
585,0,0,-0.715761244,1,0,1,1,1,,0.41,,,,,
2728,0,0,-0.711032927,0,0,0,1,1,,0.41,,,,,
5981,2,0,-0.306797385,0,0,0,1,1,,0.50,,,,,
738,0,0,0.373671353,1,1,0,1,1,,0.63,,,,,
4932,2,1,-1.444259524,0,0,0,1,1,,0.26,,,,,
4496,2,0,-1.565171123,0,0,0,1,1,,0.24,,,,,
2502,2,0,-2.041262388,0,0,0,1,1,,0.14,,,,,
4131,1,0,-1.886593223,0,0,0,1,1,,0.17,,,,,
253,1,0,-0.596748292,1,0,1,1,1,,0.44,,,,,
1569,2,0,-2.193319321,0,0,0,1,1,,0.11,,,,,
3892,2,0,-0.653117239,1,0,1,1,1,,0.42,,,,,
3700,0,0,-0.085643843,1,1,0,1,1,,0.54,,,,,
2448,2,0,-1.274922252,0,0,0,1,1,,0.30,,,,,
189,0,0,-0.263536751,1,0,1,1,1,,0.50,,,,,
5216,2,0,-1.490622878,0,0,0,1,1,,0.25,,,,,
754,2,0,-2.502702951,1,0,1,1,1,,0.05,,,,,
860,2,1,-1.864353061,0,0,0,1,1,,0.18,,,,,
444,0,0,-0.808554232,0,0,0,1,1,,0.39,,,,,
2464,2,0,-1.070062995,0,0,0,1,1,,0.34,,,,,
6070,2,0,-1.66700542,1,0,1,1,1,,0.22,,,,,
1005,2,0,-2.325334787,1,0,1,1,1,,0.08,,,,,
2757,0,0,-0.834809244,0,0,0,1,1,,0.39,,,,,
879,5,0,-1.811872363,0,0,0,1,1,,0.19,,,,,
2332,0,0,-0.195845097,1,0,1,1,1,,0.52,,,,,
341,0,1,-2.645340681,0,0,0,1,1,,0.02,,,,,
1865,2,0,-1.136438251,1,0,1,1,1,,0.33,,,,,
325,2,1,-1.721261263,1,0,1,1,1,,0.21,,,,,
2380,0,0,0.230137736,0,1,-1,1,1,,0.61,,,,,
1105,0,0,-0.394373745,1,0,1,1,1,,0.48,,,,,
1577,0,0,-1.32851994,0,0,0,1,1,,0.29,,,,,
1893,5,0,-2.263846874,0,0,0,1,1,,0.09,,,,,
37,0,0,-1.958905697,0,0,0,1,1,,0.16,,,,,
154,0,0,-0.06978564,0,1,-1,1,1,,0.54,,,,,
3174,2,0,-0.783786595,1,0,1,1,1,,0.40,,,,,
2198,0,1,-2.026828527,0,0,0,1,1,,0.14,,,,,
2567,5,0,-1.744499087,0,0,0,1,1,,0.20,,,,,
4467,2,0,-0.706339896,1,0,1,1,1,,0.41,,,,,
1869,2,0,-2.104909658,0,0,0,1,1,,0.13,,,,,
5435,0,1,-0.561092854,1,0,1,1,1,,0.44,,,,,
3964,2,0,-1.954936624,1,0,1,1,1,,0.16,,,,,
5636,0,1,0.121521346,0,1,-1,1,1,,0.58,,,,,
237,0,0,-1.985396624,0,0,0,1,1,,0.15,,,,,
1556,0,0,0.183835894,1,1,0,1,1,,0.60,,,,,
909,2,0,-0.479369968,1,0,1,1,1,,0.46,,,,,
23,5,1,-2.080327749,0,0,0,1,1,,0.13,,,,,
889,0,0,-0.041112769,1,1,0,1,1,,0.55,,,,,
1227,0,0,-1.257305741,0,0,0,1,1,,0.30,,,,,
5827,2,1,-1.560562253,0,0,0,1,1,,0.24,,,,,
4993,0,0,-1.236361623,0,0,0,1,1,,0.30,,,,,
543,2,0,-1.364834905,0,0,0,1,1,,0.28,,,,,
5198,0,0,-0.95053941,1,0,1,1,1,,0.36,,,,,
5296,0,0,-0.290439487,1,0,1,1,1,,0.50,,,,,
1395,1,0,-2.101677895,0,0,0,1,1,,0.13,,,,,
300,5,0,-1.200683355,1,0,1,1,1,,0.31,,,,,
3400,1,0,-0.387993038,1,0,1,1,1,,0.48,,,,,
2958,1,0,-0.888905704,0,0,0,1,1,,0.38,,,,,
5270,0,0,0.805261552,1,1,0,1,1,,0.72,,,,,
1484,2,0,-0.167719036,1,0,1,1,1,,0.52,,,,,
4569,0,0,-0.775927007,0,0,0,1,1,,0.40,,,,,
6086,0,1,-1.70437026,0,0,0,1,1,,0.21,,,,,
67,2,1,-1.453163862,0,0,0,1,1,,0.26,,,,,
4296,0,0,-1.16213429,0,0,0,1,1,,0.32,,,,,
2479,0,1,-2.230999231,0,0,0,1,1,,0.10,,,,,
3766,2,0,-1.775868058,0,0,0,1,1,,0.19,,,,,
1399,2,0,-0.611106634,0,0,0,1,1,,0.43,,,,,
1792,1,0,-0.885134161,0,0,0,1,1,,0.38,,,,,
5502,0,0,1.526625276,1,1,0,2,0,,0.87,,,,,
5532,0,0,-1.044726729,1,0,1,1,1,,0.34,,,,,
5399,2,1,-0.978123605,0,0,0,1,1,,0.36,,,,,
3728,0,0,0.903663099,1,1,0,1,1,,0.74,,,,,
3969,0,0,1.410371423,0,1,-1,2,0,,0.85,,,,,
4924,1,0,-1.849077344,0,0,0,1,1,,0.18,,,,,
800,0,1,-2.723813295,0,0,0,1,1,,0.00,,,,,
763,2,1,-2.4545362,0,0,0,1,1,,0.06,,,,,
5831,1,0,-0.513731062,1,0,1,1,1,,0.45,,,,,
1474,0,0,0.153273612,1,1,0,1,1,,0.59,,,,,
4819,0,0,-0.789712846,1,0,1,1,1,,0.40,,,,,
3962,0,0,-0.886768043,0,0,0,1,1,,0.38,,,,,
5738,0,1,-1.611918211,0,0,0,1,1,,0.23,,,,,
3103,2,0,-0.262843609,0,0,0,1,1,,0.50,,,,,
2949,2,0,-0.756038845,0,0,0,1,1,,0.40,,,,,
3310,0,0,0.596532464,1,1,0,1,1,,0.68,,,,,
3798,0,0,0.511601985,0,1,-1,1,1,,0.66,,,,,
1532,5,0,-1.370637774,0,0,0,1,1,,0.28,,,,,
528,2,1,0.464856684,1,1,0,1,1,,0.65,,,,,
4947,2,0,-0.666435063,0,0,0,1,1,,0.42,,,,,
5201,2,0,0.092814244,1,1,0,1,1,,0.58,,,,,
2900,2,1,-1.124226451,0,0,0,1,1,,0.33,,,,,
1615,0,0,0.449785709,1,1,0,1,1,,0.65,,,,,
5828,1,0,1.630976319,1,1,0,2,0,,0.89,,,,,
1234,0,1,-2.53563571,0,0,0,1,1,,0.04,,,,,
5953,2,0,-0.404810131,1,0,1,1,1,,0.48,,,,,
2471,0,0,-0.74475354,1,0,1,1,1,,0.41,,,,,
4926,0,1,-0.382727087,1,0,1,1,1,,0.48,,,,,
592,1,0,-1.726542711,0,0,0,1,1,,0.20,,,,,
1575,0,0,-0.858501017,0,0,0,1,1,,0.38,,,,,
207,1,0,-1.028069258,0,0,0,1,1,,0.35,,,,,
1871,0,0,-1.79041636,0,0,0,1,1,,0.19,,,,,
2266,0,0,0.39403677,1,1,0,1,1,,0.64,,,,,
1221,0,0,-0.419007242,0,0,0,1,1,,0.47,,,,,
3165,0,0,-0.064251706,1,1,0,1,1,,0.54,,,,,
4187,1,0,-0.586853683,0,0,0,1,1,,0.44,,,,,
2637,0,0,-0.513430238,1,0,1,1,1,,0.45,,,,,
1232,2,0,-0.276225865,1,0,1,1,1,,0.50,,,,,
5176,0,0,-0.869400322,1,0,1,1,1,,0.38,,,,,
1937,1,0,-0.460427165,0,0,0,1,1,,0.46,,,,,
56,2,0,-0.705718458,0,0,0,1,1,,0.41,,,,,
5439,0,0,-0.500120699,1,0,1,1,1,,0.46,,,,,
2554,5,0,-1.929707527,0,0,0,1,1,,0.16,,,,,
3278,2,0,-1.862307906,0,0,0,1,1,,0.18,,,,,
5726,0,0,-1.229025722,1,0,1,1,1,,0.31,,,,,
1163,1,0,-1.787337422,0,0,0,1,1,,0.19,,,,,
3301,0,0,-1.417594075,1,0,1,1,1,,0.27,,,,,
2163,0,0,-1.221357703,1,0,1,1,1,,0.31,,,,,
3951,0,1,-1.127614975,1,0,1,1,1,,0.33,,,,,
3410,2,0,-0.110249601,1,0,1,1,1,,0.54,,,,,
2933,0,0,0.050834019,1,1,0,1,1,,0.57,,,,,
4050,2,0,-1.590917706,0,0,0,1,1,,0.23,,,,,
6002,0,0,-0.777787864,0,0,0,1,1,,0.40,,,,,
4390,0,0,-0.818884194,0,0,0,1,1,,0.39,,,,,
3722,1,0,-2.104476929,0,0,0,1,1,,0.13,,,,,
5015,5,0,-1.595906973,1,0,1,1,1,,0.23,,,,,
5174,2,0,-0.165497303,0,0,0,1,1,,0.52,,,,,
4538,2,0,-1.709443927,0,0,0,1,1,,0.21,,,,,
2043,0,0,-1.472281814,0,0,0,1,1,,0.26,,,,,
2505,0,0,0.339332312,1,1,0,1,1,,0.63,,,,,
404,0,1,-1.546652913,1,0,1,1,1,,0.24,,,,,
4842,0,0,-1.199576616,1,0,1,1,1,,0.31,,,,,
3697,1,0,-1.833846927,0,0,0,1,1,,0.18,,,,,
5607,0,0,2.158011913,1,1,0,2,0,,1.00,,,,,
4094,4,0,-0.584642768,1,0,1,1,1,,0.44,,,,,
1006,2,0,-2.281998396,1,0,1,1,1,,0.09,,,,,
4919,0,0,-1.077612996,0,0,0,1,1,,0.34,,,,,
3418,2,0,-1.41324687,1,0,1,1,1,,0.27,,,,,
3573,0,0,0.233644068,1,1,0,1,1,,0.61,,,,,
3604,2,0,-1.840996504,1,0,1,1,1,,0.18,,,,,
829,2,0,-2.178337097,0,0,0,1,1,,0.11,,,,,
1884,0,1,-2.351392746,1,0,1,1,1,,0.08,,,,,
1656,2,0,-1.399068475,0,0,0,1,1,,0.27,,,,,
3775,1,0,-1.921987891,1,0,1,1,1,,0.16,,,,,
713,1,0,-1.779423833,0,0,0,1,1,,0.19,,,,,
4288,2,1,-1.264660716,1,0,1,1,1,,0.30,,,,,
4330,0,0,-1.221196413,0,0,0,1,1,,0.31,,,,,
1731,2,0,-1.024483323,0,0,0,1,1,,0.35,,,,,
896,0,0,-1.546859622,0,0,0,1,1,,0.24,,,,,
2758,0,0,0.000343336,1,1,0,1,1,,0.56,,,,,
5962,0,0,0.425986648,1,1,0,1,1,,0.65,,,,,
5371,0,0,-1.247303724,0,0,0,1,1,,0.30,,,,,
2127,1,0,-1.920151353,1,0,1,1,1,,0.16,,,,,
1887,0,0,0.210015401,1,1,0,1,1,,0.60,,,,,
5815,0,0,-1.109706998,1,0,1,1,1,,0.33,,,,,
51,2,0,-1.37005353,0,0,0,1,1,,0.28,,,,,
562,0,0,-1.345772386,0,0,0,1,1,,0.28,,,,,
4773,0,0,-0.742948472,0,0,0,1,1,,0.41,,,,,
1877,2,0,-1.627425671,0,0,0,1,1,,0.22,,,,,
5905,0,0,-1.10649097,0,0,0,1,1,,0.33,,,,,
3770,2,0,-0.776828349,1,0,1,1,1,,0.40,,,,,
2180,0,0,-0.695518076,1,0,1,1,1,,0.42,,,,,
3080,2,1,-2.009413958,0,0,0,1,1,,0.15,,,,,
4046,2,0,-0.692257106,1,0,1,1,1,,0.42,,,,,
5797,2,0,-0.987435877,0,0,0,1,1,,0.36,,,,,
5897,0,0,-1.081299901,0,0,0,1,1,,0.34,,,,,
3185,1,0,-0.209446222,1,0,1,1,1,,0.52,,,,,
1855,0,0,-0.311499059,0,0,0,1,1,,0.49,,,,,
4813,2,0,-1.812836289,0,0,0,1,1,,0.19,,,,,
5846,0,0,-0.686180651,1,0,1,1,1,,0.42,,,,,
3161,0,0,-0.406615078,1,0,1,1,1,,0.47,,,,,
5411,0,0,-0.173504204,1,0,1,1,1,,0.52,,,,,
72,0,0,-0.886352539,0,0,0,1,1,,0.38,,,,,
3827,2,0,-1.956754208,0,0,0,1,1,,0.16,,,,,
219,2,0,-1.651154041,0,0,0,1,1,,0.22,,,,,
3473,2,1,-2.40467,0,0,0,1,1,,0.07,,,,,
2544,2,1,-2.091952085,0,0,0,1,1,,0.13,,,,,
5089,2,0,-0.604780674,0,0,0,1,1,,0.43,,,,,
333,0,0,-0.676264524,1,0,1,1,1,,0.42,,,,,
3571,0,1,-1.632634521,0,0,0,1,1,,0.22,,,,,
934,0,0,-0.035089798,0,1,-1,1,1,,0.55,,,,,
2203,5,0,-1.311298013,1,0,1,1,1,,0.29,,,,,
1486,0,1,-1.286002398,0,0,0,1,1,,0.29,,,,,
1979,0,0,0.316793323,1,1,0,1,1,,0.62,,,,,
147,2,0,-2.259483576,1,0,1,1,1,,0.10,,,,,
4218,2,1,-1.747135282,0,0,0,1,1,,0.20,,,,,
1235,0,0,-0.339765251,1,0,1,1,1,,0.49,,,,,
250,0,0,-2.032950401,0,0,0,1,1,,0.14,,,,,
1627,0,0,0.184789106,1,1,0,1,1,,0.60,,,,,
4807,2,0,-1.86860013,0,0,0,1,1,,0.18,,,,,
877,2,0,-0.100681268,1,0,1,1,1,,0.54,,,,,
5704,0,0,-0.191783607,1,0,1,1,1,,0.52,,,,,
5803,0,0,-1.224352479,0,0,0,1,1,,0.31,,,,,
4098,2,0,-0.113264121,1,0,1,1,1,,0.53,,,,,
6109,0,0,-0.945441842,1,0,1,1,1,,0.36,,,,,
3184,0,0,-0.034068454,1,1,0,1,1,,0.55,,,,,
872,0,0,-1.264660001,0,0,0,1,1,,0.30,,,,,
3684,0,0,-0.935878336,0,0,0,1,1,,0.37,,,,,
1457,0,1,-2.083740473,1,0,1,1,1,,0.13,,,,,
3525,2,1,-0.925320327,0,0,0,1,1,,0.37,,,,,
3378,0,0,0.332329452,0,1,-1,1,1,,0.63,,,,,
4184,1,0,-1.818956733,1,0,1,1,1,,0.19,,,,,
2559,5,0,-2.149292707,0,0,0,1,1,,0.12,,,,,
5471,0,0,-0.861959517,1,0,1,1,1,,0.38,,,,,
3843,2,0,-1.460436225,0,0,0,1,1,,0.26,,,,,
4886,0,0,-1.206268668,0,0,0,1,1,,0.31,,,,,
2346,0,1,0.131902203,1,1,0,1,1,,0.58,,,,,
1204,0,0,-0.299429983,1,0,1,1,1,,0.50,,,,,
2606,0,1,-0.200766146,1,0,1,1,1,,0.52,,,,,
4914,2,0,-1.524473071,1,0,1,1,1,,0.25,,,,,
1299,0,0,-0.619142354,1,0,1,1,1,,0.43,,,,,
2535,0,1,-2.619453192,0,0,0,1,1,,0.02,,,,,
356,0,0,-0.337202013,1,0,1,1,1,,0.49,,,,,
3998,0,1,0.628724754,1,1,0,1,1,,0.69,,,,,
5798,0,1,-0.705680072,0,0,0,1,1,,0.41,,,,,
2222,2,0,-1.053465247,0,0,0,1,1,,0.34,,,,,
4271,0,0,-0.288362026,1,0,1,1,1,,0.50,,,,,
1488,0,1,-2.654098749,0,0,0,1,1,,0.01,,,,,
893,0,0,-1.19822979,0,0,0,1,1,,0.31,,,,,
4152,2,0,-0.728421152,1,0,1,1,1,,0.41,,,,,
3721,0,0,-0.914773166,0,0,0,1,1,,0.37,,,,,
4071,0,0,-0.639519989,1,0,1,1,1,,0.43,,,,,
4739,0,0,-1.376781702,0,0,0,1,1,,0.28,,,,,
4003,0,0,-0.839555919,1,0,1,1,1,,0.39,,,,,
6004,0,0,-1.334138751,0,0,0,1,1,,0.28,,,,,
4479,0,0,0.553202629,1,1,0,1,1,,0.67,,,,,
1570,2,0,-1.920440555,0,0,0,1,1,,0.16,,,,,
2941,0,1,-2.259827375,0,0,0,1,1,,0.10,,,,,
1264,0,0,-0.687900841,1,0,1,1,1,,0.42,,,,,
1712,0,0,0.002576633,1,1,0,1,1,,0.56,,,,,
389,0,0,-1.609704852,0,0,0,1,1,,0.23,,,,,
78,1,0,-2.037181139,0,0,0,1,1,,0.14,,,,,
1889,2,1,-2.063823462,0,0,0,1,1,,0.14,,,,,
3957,2,0,-1.757870317,0,0,0,1,1,,0.20,,,,,
4405,2,0,-1.912358284,0,0,0,1,1,,0.17,,,,,
4572,0,0,1.723142982,1,1,0,2,0,,0.91,,,,,
1739,0,0,-1.248258471,1,0,1,1,1,,0.30,,,,,
3689,2,0,-1.232682109,1,0,1,1,1,,0.31,,,,,
5442,0,0,0.396955699,1,1,0,1,1,,0.64,,,,,
1256,0,0,0.627560377,1,1,0,1,1,,0.69,,,,,
5285,5,0,-1.648157835,0,0,0,1,1,,0.22,,,,,
596,0,0,-0.681459844,1,0,1,1,1,,0.42,,,,,
5169,1,0,-1.601008534,0,0,0,1,1,,0.23,,,,,
289,0,1,-2.469764233,0,0,0,1,1,,0.05,,,,,
3674,0,0,-0.776771784,1,0,1,1,1,,0.40,,,,,
4274,0,0,0.304494977,0,1,-1,1,1,,0.62,,,,,
2775,0,0,-1.295035481,0,0,0,1,1,,0.29,,,,,
4399,0,0,0.590451002,1,1,0,1,1,,0.68,,,,,
5125,0,0,1.268921494,1,1,0,2,1,,0.82,,,,,
5207,2,0,-1.420476079,0,0,0,1,1,,0.27,,,,,
768,2,0,-0.597523987,1,0,1,1,1,,0.44,,,,,
5817,2,1,-1.910263062,0,0,0,1,1,,0.17,,,,,
141,2,0,-2.264919758,0,0,0,1,1,,0.09,,,,,
4181,2,0,-1.794368744,0,0,0,1,1,,0.19,,,,,
2907,0,0,0.498186886,1,1,0,1,1,,0.66,,,,,
683,0,0,-0.764343858,0,0,0,1,1,,0.40,,,,,
566,5,0,-0.988840044,1,0,1,1,1,,0.36,,,,,
3601,2,0,-1.264319777,1,0,1,1,1,,0.30,,,,,
5766,2,0,-0.17879191,1,0,1,1,1,,0.52,,,,,
3584,5,0,-0.705816865,0,0,0,1,1,,0.41,,,,,
1212,2,0,-1.045737267,0,0,0,1,1,,0.34,,,,,
3712,0,0,-0.802157879,1,0,1,1,1,,0.39,,,,,
2253,2,1,-0.743399322,0,0,0,1,1,,0.41,,,,,
5987,2,0,-1.648940921,0,0,0,1,1,,0.22,,,,,
2892,5,0,-1.724572301,0,0,0,1,1,,0.20,,,,,
2232,0,1,-2.57823658,0,0,0,1,1,,0.03,,,,,
1487,0,0,0.279535055,0,1,-1,1,1,,0.62,,,,,
3489,1,1,-2.459717512,0,0,0,1,1,,0.05,,,,,
2609,1,0,-1.640503287,0,0,0,1,1,,0.22,,,,,
5155,0,0,-1.17421639,1,0,1,1,1,,0.32,,,,,
4653,0,0,-0.841014504,1,0,1,1,1,,0.39,,,,,
2566,1,0,-2.267998934,0,0,0,1,1,,0.09,,,,,
5712,0,0,-1.454840541,0,0,0,1,1,,0.26,,,,,
2133,0,0,-1.333225131,0,0,0,1,1,,0.28,,,,,
2358,2,1,-2.450416088,0,0,0,1,1,,0.06,,,,,
3390,0,0,-1.765052915,0,0,0,1,1,,0.20,,,,,
853,0,0,0.275358498,1,1,0,1,1,,0.61,,,,,
5247,0,1,-1.297702312,1,0,1,1,1,,0.29,,,,,
2274,0,0,-0.35476613,0,0,0,1,1,,0.49,,,,,
2607,1,0,-0.961006939,0,0,0,1,1,,0.36,,,,,
2405,1,1,-1.425383449,1,0,1,1,1,,0.27,,,,,
1673,2,0,-0.123472624,1,0,1,1,1,,0.53,,,,,
4790,0,0,1.39643085,1,1,0,2,0,,0.84,,,,,
3880,0,0,-1.015958905,0,0,0,1,1,,0.35,,,,,
5916,0,0,-0.685101449,0,0,0,1,1,,0.42,,,,,
34,0,0,-1.361596942,0,0,0,1,1,,0.28,,,,,
821,0,0,-1.893786788,0,0,0,1,1,,0.17,,,,,
3356,2,0,-0.495929807,1,0,1,1,1,,0.46,,,,,
5415,2,0,0.010539446,1,1,0,1,1,,0.56,,,,,
180,0,0,-0.00911844,1,1,0,1,1,,0.56,,,,,
4900,2,0,-0.057566229,1,1,0,1,1,,0.55,,,,,
948,0,0,-0.558149159,0,0,0,1,1,,0.44,,,,,
6103,5,0,-1.589067101,0,0,0,1,1,,0.23,,,,,
1726,0,0,-1.307687163,0,0,0,1,1,,0.29,,,,,
1176,0,1,-1.695567966,0,0,0,1,1,,0.21,,,,,
2553,5,0,-2.142639399,0,0,0,1,1,,0.12,,,,,
2369,2,1,-2.516981125,0,0,0,1,1,,0.04,,,,,
3850,0,1,-1.291736007,0,0,0,1,1,,0.29,,,,,
751,2,0,-0.826047003,1,0,1,1,1,,0.39,,,,,
3013,0,0,-0.542978466,1,0,1,1,1,,0.45,,,,,
4844,0,0,-0.621917248,1,0,1,1,1,,0.43,,,,,
4821,0,0,-0.604499996,0,0,0,1,1,,0.43,,,,,
3927,0,0,1.713762879,1,1,0,2,0,,0.91,,,,,
5301,0,1,-0.708450317,0,0,0,1,1,,0.41,,,,,
5065,5,1,-1.579283834,0,0,0,1,1,,0.23,,,,,
1660,0,0,-0.18715477,1,0,1,1,1,,0.52,,,,,
5678,2,1,-0.942164063,0,0,0,1,1,,0.36,,,,,
2431,0,1,-0.829315245,1,0,1,1,1,,0.39,,,,,
1491,0,0,-1.391731858,1,0,1,1,1,,0.27,,,,,
647,5,0,-1.608846068,0,0,0,1,1,,0.23,,,,,
4053,2,0,-1.678631663,0,0,0,1,1,,0.21,,,,,
1840,0,0,-1.676497102,0,0,0,1,1,,0.21,,,,,
2359,0,0,-0.155336201,0,0,0,1,1,,0.53,,,,,
155,0,0,-0.253789991,1,0,1,1,1,,0.51,,,,,
4324,0,0,-0.660751224,1,0,1,1,1,,0.42,,,,,
1980,2,0,-1.174689412,0,0,0,1,1,,0.32,,,,,
2630,1,0,-0.282867581,1,0,1,1,1,,0.50,,,,,
3217,0,1,0.022859732,0,1,-1,1,1,,0.56,,,,,
3291,0,0,0.460056782,1,1,0,1,1,,0.65,,,,,
4907,0,0,-0.542099237,1,0,1,1,1,,0.45,,,,,
216,0,0,-1.716564775,1,0,1,1,1,,0.21,,,,,
5537,0,0,0.743274152,1,1,0,1,1,,0.71,,,,,
3832,5,0,-1.257562518,1,0,1,1,1,,0.30,,,,,
5901,2,0,-1.360052228,0,0,0,1,1,,0.28,,,,,
3182,0,0,-0.909978092,0,0,0,1,1,,0.37,,,,,
5574,5,0,-1.421507955,1,0,1,1,1,,0.27,,,,,
2529,1,0,-2.038599491,0,0,0,1,1,,0.14,,,,,
2671,2,0,-0.443519652,1,0,1,1,1,,0.47,,,,,
3615,0,0,-0.654063165,0,0,0,1,1,,0.42,,,,,
2865,0,0,-1.377193809,0,0,0,1,1,,0.28,,,,,
5952,1,0,-1.213368773,0,0,0,1,1,,0.31,,,,,
761,2,1,-0.262961626,1,0,1,1,1,,0.50,,,,,
5958,0,0,-1.383428097,1,0,1,1,1,,0.27,,,,,
2080,2,1,-2.327075005,0,0,0,1,1,,0.08,,,,,
2237,0,0,-1.399256825,1,0,1,1,1,,0.27,,,,,
2759,2,0,-1.436041236,1,0,1,1,1,,0.26,,,,,
1756,0,0,-0.452938616,1,0,1,1,1,,0.47,,,,,
5528,0,0,-1.291040778,0,0,0,1,1,,0.29,,,,,
5773,0,0,-0.880741119,1,0,1,1,1,,0.38,,,,,
1284,0,1,-1.141960382,1,0,1,1,1,,0.32,,,,,
80,0,0,-1.372947097,1,0,1,1,1,,0.28,,,,,
3045,0,0,0.002767181,1,1,0,1,1,,0.56,,,,,
3104,2,0,0.415880471,1,1,0,1,1,,0.64,,,,,
4369,2,1,-1.987292886,0,0,0,1,1,,0.15,,,,,
6127,2,0,-1.676540971,0,0,0,1,1,,0.21,,,,,
4460,2,0,-1.326605082,0,0,0,1,1,,0.29,,,,,
2982,0,0,-0.704267025,0,0,0,1,1,,0.41,,,,,
5882,0,0,-1.077306271,1,0,1,1,1,,0.34,,,,,
2785,0,0,-0.396147817,0,0,0,1,1,,0.48,,,,,
5844,1,0,-2.12037158,1,0,1,1,1,,0.12,,,,,
2374,0,0,0.166371465,1,1,0,1,1,,0.59,,,,,
733,2,0,-2.235620975,1,0,1,1,1,,0.10,,,,,
1807,5,1,-2.300940752,0,0,0,1,1,,0.09,,,,,
516,2,0,-2.098301411,0,0,0,1,1,,0.13,,,,,
2422,2,0,-0.693690538,1,0,1,1,1,,0.42,,,,,
44,5,0,-0.531531692,1,0,1,1,1,,0.45,,,,,
5200,2,1,0.37866509,1,1,0,1,1,,0.64,,,,,
2638,0,0,-1.152658582,1,0,1,1,1,,0.32,,,,,
246,4,0,-0.88893193,0,0,0,1,1,,0.38,,,,,
2836,2,0,-1.264484406,0,0,0,1,1,,0.30,,,,,
3389,2,0,-0.62556535,1,0,1,1,1,,0.43,,,,,
4835,0,0,1.254701495,0,1,-1,2,1,,0.81,,,,,
2233,0,1,-0.028506106,1,1,0,1,1,,0.55,,,,,
1737,0,0,-1.443058252,1,0,1,1,1,,0.26,,,,,
4740,0,0,1.85861814,1,1,0,2,0,,0.94,,,,,
1250,0,0,-1.02120316,0,0,0,1,1,,0.35,,,,,
402,5,0,-1.775648355,0,0,0,1,1,,0.19,,,,,
4590,2,0,-2.115116358,0,0,0,1,1,,0.12,,,,,
5278,2,0,-0.97260195,0,0,0,1,1,,0.36,,,,,
5116,2,0,-0.201329008,1,0,1,1,1,,0.52,,,,,
2256,5,0,-1.553050876,0,0,0,1,1,,0.24,,,,,
4582,0,0,-0.956297576,0,0,0,1,1,,0.36,,,,,
3617,4,0,-0.033963989,1,1,0,1,1,,0.55,,,,,
2777,0,0,-0.082145795,1,1,0,1,1,,0.54,,,,,
366,2,0,-1.356829882,1,0,1,1,1,,0.28,,,,,
1201,0,0,-1.762349129,0,0,0,1,1,,0.20,,,,,
2908,2,1,-1.742730618,0,0,0,1,1,,0.20,,,,,
199,2,0,-1.344567657,0,0,0,1,1,,0.28,,,,,
1152,0,1,-1.997048378,0,0,0,1,1,,0.15,,,,,
5034,1,1,-1.891583323,1,0,1,1,1,,0.17,,,,,
2294,2,0,-1.133452177,0,0,0,1,1,,0.33,,,,,
1604,2,0,-2.044543028,0,0,0,1,1,,0.14,,,,,
1522,0,0,-1.899622798,1,0,1,1,1,,0.17,,,,,
2922,0,1,-0.867896855,1,0,1,1,1,,0.38,,,,,
5297,0,0,0.025957959,0,1,-1,1,1,,0.56,,,,,
1778,2,0,-0.359502971,1,0,1,1,1,,0.48,,,,,
1777,0,0,-2.021332026,1,0,1,1,1,,0.14,,,,,
4703,2,1,-1.19546628,0,0,0,1,1,,0.31,,,,,
958,2,0,-1.747370124,0,0,0,1,1,,0.20,,,,,
1140,2,0,-1.057372689,0,0,0,1,1,,0.34,,,,,
5928,0,0,-1.072049737,0,0,0,1,1,,0.34,,,,,
5462,2,0,-1.055367589,1,0,1,1,1,,0.34,,,,,
995,0,0,-1.508132815,0,0,0,1,1,,0.25,,,,,
2929,0,0,-1.567371726,0,0,0,1,1,,0.24,,,,,
4895,0,0,0.501317322,1,1,0,1,1,,0.66,,,,,
2859,2,0,-0.832186282,0,0,0,1,1,,0.39,,,,,
1291,2,0,-0.769123137,0,0,0,1,1,,0.40,,,,,
5145,2,0,-0.460165441,0,0,0,1,1,,0.46,,,,,
3149,0,0,1.003111243,1,1,0,1,1,,0.76,,,,,
4997,0,0,0.098692693,0,1,-1,1,1,,0.58,,,,,
2459,0,0,0.620019615,1,1,0,1,1,,0.68,,,,,
1772,0,0,-1.541889191,0,0,0,1,1,,0.24,,,,,
5115,0,0,-1.002608061,0,0,0,1,1,,0.35,,,,,
3403,0,0,0.68742013,0,1,-1,1,1,,0.70,,,,,
2008,2,0,-0.437821299,0,0,0,1,1,,0.47,,,,,
5423,0,1,-1.055352688,0,0,0,1,1,,0.34,,,,,
2999,0,1,-2.473975897,0,0,0,1,1,,0.05,,,,,
3101,0,0,0.408511937,0,1,-1,1,1,,0.64,,,,,
1734,2,0,0.083413906,0,1,-1,1,1,,0.58,,,,,
2074,0,1,-1.326771498,0,0,0,1,1,,0.29,,,,,
4558,2,0,-1.547182202,1,0,1,1,1,,0.24,,,,,
1167,0,1,0.202363551,1,1,0,1,1,,0.60,,,,,
4801,2,0,-1.832238078,0,0,0,1,1,,0.18,,,,,
3275,0,1,-0.96083498,1,0,1,1,1,,0.36,,,,,
3090,2,0,-1.247822404,1,0,1,1,1,,0.30,,,,,
5992,1,1,-0.85995847,0,0,0,1,1,,0.38,,,,,
571,2,1,-1.853720069,0,0,0,1,1,,0.18,,,,,
4336,1,0,-1.200695872,1,0,1,1,1,,0.31,,,,,
1531,0,0,0.185757548,1,1,0,1,1,,0.60,,,,,
1406,0,1,-0.183970928,1,0,1,1,1,,0.52,,,,,
2378,0,0,-0.596908331,1,0,1,1,1,,0.44,,,,,
2869,0,0,0.314855814,1,1,0,1,1,,0.62,,,,,
1920,0,0,-0.457894206,1,0,1,1,1,,0.46,,,,,
5763,0,0,-1.411615729,0,0,0,1,1,,0.27,,,,,
2472,0,0,-0.776176333,1,0,1,1,1,,0.40,,,,,
1177,2,0,0.201327622,1,1,0,1,1,,0.60,,,,,
4504,2,0,-1.864684701,0,0,0,1,1,,0.18,,,,,
2434,0,0,-0.567875922,1,0,1,1,1,,0.44,,,,,
5487,0,0,-0.873842418,0,0,0,1,1,,0.38,,,,,
1578,0,1,-2.425172567,0,0,0,1,1,,0.06,,,,,
4354,5,1,-1.488751173,1,0,1,1,1,,0.25,,,,,
1928,2,0,-0.378996313,1,0,1,1,1,,0.48,,,,,
6158,0,0,-1.115282178,0,0,0,1,1,,0.33,,,,,
1172,0,0,-0.328443706,1,0,1,1,1,,0.49,,,,,
1619,0,0,-1.47314465,1,0,1,1,1,,0.26,,,,,
4234,2,1,-1.481827378,0,0,0,1,1,,0.25,,,,,
3498,0,0,0.117060125,1,1,0,1,1,,0.58,,,,,
957,0,0,-1.410349488,1,0,1,1,1,,0.27,,,,,
5222,0,0,-0.824659765,0,0,0,1,1,,0.39,,,,,
4826,2,0,-1.326386571,0,0,0,1,1,,0.29,,,,,
1296,0,0,0.06790629,1,1,0,1,1,,0.57,,,,,
4210,0,0,-1.061788917,1,0,1,1,1,,0.34,,,,,
88,0,0,-0.239488155,1,0,1,1,1,,0.51,,,,,
1585,2,0,-2.272972584,1,0,1,1,1,,0.09,,,,,
1925,2,1,-2.325195551,1,0,1,1,1,,0.08,,,,,
3653,0,0,-0.163846403,1,0,1,1,1,,0.52,,,,,
5608,1,0,-1.91901505,1,0,1,1,1,,0.16,,,,,
5172,0,0,-1.090049624,1,0,1,1,1,,0.33,,,,,
1743,2,0,-0.778654218,0,0,0,1,1,,0.40,,,,,
2477,0,0,-1.551223755,0,0,0,1,1,,0.24,,,,,
2988,2,0,-2.297648668,0,0,0,1,1,,0.09,,,,,
2959,0,1,-2.271814585,0,0,0,1,1,,0.09,,,,,
3514,2,0,-1.170566797,0,0,0,1,1,,0.32,,,,,
3606,0,0,-1.713316798,0,0,0,1,1,,0.21,,,,,
5503,0,0,0.206024885,1,1,0,1,1,,0.60,,,,,
1462,1,1,-2.312927723,0,0,0,1,1,,0.08,,,,,
2667,2,0,-0.670396864,1,0,1,1,1,,0.42,,,,,
3216,0,1,-0.277814746,1,0,1,1,1,,0.50,,,,,
3643,1,1,-1.81485033,1,0,1,1,1,,0.19,,,,,
1956,0,0,-0.900840104,0,0,0,1,1,,0.37,,,,,
5754,0,1,0.144152686,1,1,0,1,1,,0.59,,,,,
2488,2,0,-1.554008126,0,0,0,1,1,,0.24,,,,,
4121,0,0,-1.164725542,0,0,0,1,1,,0.32,,,,,
1695,0,0,-1.006997108,1,0,1,1,1,,0.35,,,,,
5696,0,0,-0.018616861,1,1,0,1,1,,0.55,,,,,
362,2,0,-2.272886515,0,0,0,1,1,,0.09,,,,,
2000,0,0,-1.103294373,1,0,1,1,1,,0.33,,,,,
760,0,0,0.207763225,1,1,0,1,1,,0.60,,,,,
194,2,1,-2.589048147,0,0,0,1,1,,0.03,,,,,
5168,0,0,-0.792713106,0,0,0,1,1,,0.40,,,,,
3921,1,1,-1.338545799,1,0,1,1,1,,0.28,,,,,
2751,0,0,-0.162172049,0,0,0,1,1,,0.52,,,,,
5379,0,0,-0.529274881,1,0,1,1,1,,0.45,,,,,
1866,2,0,-0.070529021,1,1,0,1,1,,0.54,,,,,
2224,0,0,-0.863178909,1,0,1,1,1,,0.38,,,,,
5824,2,0,0.24275285,1,1,0,1,1,,0.61,,,,,
3616,2,1,-1.208288074,1,0,1,1,1,,0.31,,,,,
3038,2,0,-1.237174511,0,0,0,1,1,,0.30,,,,,
705,0,0,-1.690335631,0,0,0,1,1,,0.21,,,,,
3093,2,1,-1.105136871,0,0,0,1,1,,0.33,,,,,
4822,2,0,-1.511790156,0,0,0,1,1,,0.25,,,,,
2868,0,0,-1.57913518,1,0,1,1,1,,0.23,,,,,
6060,5,0,-1.51122725,0,0,0,1,1,,0.25,,,,,
2447,0,0,-0.71733886,1,0,1,1,1,,0.41,,,,,
4331,0,0,-1.450753331,0,0,0,1,1,,0.26,,,,,
1185,0,0,-1.457068801,0,0,0,1,1,,0.26,,,,,
2838,0,0,-1.14754355,0,0,0,1,1,,0.32,,,,,
2095,1,0,-1.419827104,0,0,0,1,1,,0.27,,,,,
3205,0,0,-0.301023036,0,0,0,1,1,,0.50,,,,,
4710,0,0,-0.896595299,0,0,0,1,1,,0.37,,,,,
5911,0,0,0.367528617,1,1,0,1,1,,0.63,,,,,
5106,2,0,-0.497379899,1,0,1,1,1,,0.46,,,,,
5404,0,0,0.111950509,1,1,0,1,1,,0.58,,,,,
243,2,0,-2.23402977,0,0,0,1,1,,0.10,,,,,
984,0,0,-0.566034734,0,0,0,1,1,,0.44,,,,,
2864,2,1,-2.199548483,1,0,1,1,1,,0.11,,,,,
2236,0,1,-1.907226205,0,0,0,1,1,,0.17,,,,,
758,2,0,-2.10112977,0,0,0,1,1,,0.13,,,,,
1771,0,0,-1.575290799,1,0,1,1,1,,0.24,,,,,
5833,2,1,-1.780337214,0,0,0,1,1,,0.19,,,,,
3676,2,1,-1.984554291,1,0,1,1,1,,0.15,,,,,
2372,2,0,-1.509086609,0,0,0,1,1,,0.25,,,,,
4884,1,0,-1.887403369,0,0,0,1,1,,0.17,,,,,
4043,2,0,-1.375432372,1,0,1,1,1,,0.28,,,,,
353,0,0,-1.136035562,0,0,0,1,1,,0.33,,,,,
856,2,1,-1.042091012,1,0,1,1,1,,0.34,,,,,
1175,2,0,-2.264377594,0,0,0,1,1,,0.09,,,,,
232,2,0,-2.222952604,1,0,1,1,1,,0.10,,,,,
193,2,0,0.503302395,1,1,0,1,1,,0.66,,,,,
2928,0,0,-0.863030732,0,0,0,1,1,,0.38,,,,,
4339,1,0,1.56689167,1,1,0,2,0,,0.88,,,,,
1292,2,0,-2.0071311,0,0,0,1,1,,0.15,,,,,
3691,2,1,-1.76196444,0,0,0,1,1,,0.20,,,,,
6006,2,0,-1.571197152,0,0,0,1,1,,0.24,,,,,
3470,0,0,-1.485681176,0,0,0,1,1,,0.25,,,,,
4021,2,0,-1.555698872,1,0,1,1,1,,0.24,,,,,
5474,1,0,-2.043715954,0,0,0,1,1,,0.14,,,,,
1146,0,1,-2.527708054,0,0,0,1,1,,0.04,,,,,
4318,0,0,-0.034570366,0,1,-1,1,1,,0.55,,,,,
5609,0,0,0.144938678,1,1,0,1,1,,0.59,,,,,
5242,0,0,-0.938575327,0,0,0,1,1,,0.37,,,,,
4133,2,0,-1.070464015,0,0,0,1,1,,0.34,,,,,
1764,0,0,-1.454989433,0,0,0,1,1,,0.26,,,,,
317,0,0,-0.363673598,1,0,1,1,1,,0.48,,,,,
1224,2,0,-1.471008182,0,0,0,1,1,,0.26,,,,,
3624,0,1,-0.673764169,1,0,1,1,1,,0.42,,,,,
3556,1,0,-0.85868454,1,0,1,1,1,,0.38,,,,,
4687,2,1,-0.986875296,0,0,0,1,1,,0.36,,,,,
4555,5,0,-0.470223427,1,0,1,1,1,,0.46,,,,,
2086,0,0,-0.990547895,1,0,1,1,1,,0.36,,,,,
6167,0,0,-0.707520068,1,0,1,1,1,,0.41,,,,,
963,0,0,-0.295554817,0,0,0,1,1,,0.50,,,,,
392,2,0,-0.120207727,1,0,1,1,1,,0.53,,,,,
4567,5,0,-0.996394992,1,0,1,1,1,,0.35,,,,,
5904,0,0,-1.28565371,0,0,0,1,1,,0.29,,,,,
2551,0,0,-1.759944558,0,0,0,1,1,,0.20,,,,,
2817,0,0,-1.072836041,0,0,0,1,1,,0.34,,,,,
5067,0,1,-0.292364836,0,0,0,1,1,,0.50,,,,,
373,0,0,0.1376165,1,1,0,1,1,,0.59,,,,,
5323,2,0,0.206881315,1,1,0,1,1,,0.60,,,,,
5453,0,0,-1.426828384,0,0,0,1,1,,0.27,,,,,
2629,0,0,-0.072052673,1,1,0,1,1,,0.54,,,,,
4017,5,0,-2.065707445,0,0,0,1,1,,0.13,,,,,
1451,2,0,-2.447550535,1,0,1,1,1,,0.06,,,,,
2281,0,0,-1.800444245,0,0,0,1,1,,0.19,,,,,