id,class,score,label
5627.0,0.0,0.49402866305615956,0.0
9220.0,3.0,0.2536642040746244,0.0
2655.0,0.0,0.3612717734267175,0.0
9081.0,7.0,0.5625078121056191,1.0
644.0,0.0,0.7160218346015019,1.0
93.0,0.0,0.5388648667671936,1.0
9224.0,3.0,0.20769483593228233,0.0
5754.0,0.0,0.48463268221194916,0.0
3290.0,0.0,0.3232866555302945,0.0
6760.0,0.0,0.5226045431976603,1.0
10194.0,0.0,0.4634046933959048,0.0
3785.0,3.0,0.3753592291144878,0.0
2817.0,3.0,0.6868340202615025,1.0
379.0,6.0,0.31676888948187404,0.0
569.0,1.0,0.24863014484588095,0.0
8196.0,3.0,0.5362804683433018,1.0
10680.0,0.0,0.3301813381850015,0.0
8452.0,3.0,0.3655961593560112,0.0
9552.0,5.0,0.292285359237623,0.0
849.0,0.0,0.3370153977703939,0.0
5654.0,0.0,0.24520355216713557,0.0
2539.0,1.0,0.52979566504873,1.0
10379.0,0.0,0.45156814603683854,0.0
6304.0,0.0,0.6323637911603097,1.0
9125.0,3.0,0.21019269553373882,0.0
6525.0,3.0,0.18511023484082637,0.0
7472.0,3.0,0.0959653699988063,0.0
3218.0,7.0,0.20999392995149221,0.0
5137.0,1.0,0.2372098862324181,0.0
4409.0,3.0,0.9070990489072014,1.0
6149.0,0.0,0.4922435739110217,0.0
6129.0,0.0,0.21835723523544323,0.0
6236.0,2.0,5.176111099412925e-05,0.0
8774.0,3.0,0.3638356370702412,0.0
7508.0,5.0,0.32515366460879,0.0
3250.0,3.0,0.21247477107288462,0.0
5691.0,3.0,0.3668175372560185,0.0
3287.0,0.0,0.7157995188149128,1.0
654.0,3.0,0.26377522470124254,0.0
853.0,0.0,0.27307928593844105,0.0
3502.0,5.0,0.33241117481678356,0.0
691.0,0.0,0.4981831213258171,0.0
4205.0,4.0,0.3096353387673501,0.0
5960.0,3.0,0.1623241558102552,0.0
10168.0,3.0,0.18050896182133616,0.0
5219.0,4.0,0.6806634752360051,1.0
2467.0,0.0,0.4214554611288224,0.0
6160.0,0.0,0.5014775585693753,1.0
3671.0,3.0,0.25636671506239267,0.0
1849.0,0.0,0.5694614787330626,1.0
6968.0,0.0,0.6629189761304256,1.0
6593.0,0.0,0.09501585788577814,0.0
4081.0,3.0,0.3797367508158711,0.0
6591.0,1.0,0.05755346464844447,0.0
668.0,5.0,0.29530808524064256,0.0
1864.0,0.0,0.2693650230481685,0.0
7189.0,3.0,0.40057878052839896,0.0
7192.0,8.0,0.025566182913053556,0.0
2835.0,3.0,0.7354621086985752,1.0
7661.0,4.0,0.9945018252279804,1.0
7595.0,6.0,0.2742706095651582,0.0
7218.0,0.0,0.25270005167209364,0.0
9527.0,0.0,0.16790978178855265,0.0
2400.0,0.0,0.7589899232326925,1.0
4500.0,0.0,0.36778428324466117,0.0
2383.0,7.0,0.29119923193108127,0.0
2927.0,0.0,0.4614858937358435,0.0
10237.0,3.0,0.6501032142494672,1.0
5617.0,3.0,0.1700732882276546,0.0
6259.0,3.0,0.21392455391657753,0.0
6285.0,4.0,0.3791237376430816,0.0
9626.0,0.0,0.46533244420120773,0.0
41.0,3.0,0.8458279530380531,1.0
7060.0,1.0,0.7492491148202461,1.0
2290.0,0.0,0.2857302568366144,0.0
2582.0,3.0,0.3565492140624937,0.0
8237.0,5.0,0.19160427415319428,0.0
8681.0,0.0,0.5950627506650233,1.0
6081.0,4.0,0.5137797664865739,1.0
9087.0,3.0,0.17001361427141068,0.0
7765.0,5.0,0.440771687967501,0.0
5797.0,5.0,0.6347716932238999,1.0
8231.0,0.0,0.24990318620254895,0.0
9972.0,0.0,0.1881481079807996,0.0
2062.0,0.0,0.20142223168480766,0.0
1770.0,0.0,0.3691350571482188,0.0
5153.0,0.0,0.8970309791041825,1.0
10499.0,4.0,0.8702107557749549,1.0
9247.0,0.0,0.24992676513033885,0.0
4809.0,4.0,0.7046393740553715,1.0
3673.0,7.0,0.22746159736363564,0.0
3917.0,0.0,0.39673782799088625,0.0
8503.0,0.0,0.19333302671785108,0.0
2502.0,5.0,0.19899588932183593,0.0
6019.0,3.0,0.43457197085722143,0.0
2183.0,0.0,0.20896594341568278,0.0
5576.0,7.0,0.47541542391958974,0.0
8207.0,3.0,0.3570567188269576,0.0
6391.0,0.0,0.5088302288918117,1.0
3693.0,0.0,0.2942696243799206,0.0
3611.0,3.0,0.5961329678912871,1.0
1819.0,7.0,0.7494408249609257,1.0
1153.0,4.0,0.4970717058893521,0.0
1538.0,3.0,0.4462640181916663,0.0
5789.0,6.0,0.2818991601183341,0.0
4317.0,0.0,0.4285325054955254,0.0
9248.0,0.0,0.5457194782074032,1.0
864.0,5.0,0.5742024889226556,1.0
2758.0,0.0,0.2943783104990564,0.0
8819.0,8.0,0.10114041618820228,0.0
5971.0,3.0,0.2802523081531992,0.0
9733.0,0.0,0.25562662997297425,0.0
1634.0,3.0,0.28337567233184074,0.0
3722.0,0.0,0.5071878813515932,1.0
8991.0,0.0,0.7693180811613713,1.0
6377.0,3.0,0.5831915380959312,1.0
7125.0,1.0,0.7019802787911109,1.0
5150.0,0.0,0.19177800515449428,0.0
4937.0,7.0,0.31944592045674064,0.0
5045.0,4.0,0.4505989562296172,0.0
7820.0,0.0,0.2476205915127562,0.0
3420.0,0.0,0.2165272150577827,0.0
10328.0,0.0,0.1327772487523068,0.0
7449.0,0.0,0.6133740804825532,1.0
9690.0,1.0,0.34734887065889747,0.0
10719.0,0.0,0.1381261658648013,0.0
5160.0,0.0,0.5422929672679291,1.0
3492.0,0.0,0.5321290490709756,1.0
9463.0,5.0,0.3554259151865439,0.0
4404.0,1.0,0.7087410612147772,1.0
8224.0,5.0,0.38984918699591664,0.0
7485.0,5.0,0.3456817118938133,0.0
9578.0,0.0,0.6145788164194896,1.0
5168.0,0.0,0.7013976523666674,1.0
1700.0,0.0,0.3533201546998001,0.0
1613.0,0.0,0.32349008328639095,0.0
4342.0,0.0,0.5407712367685846,1.0
8771.0,5.0,0.24676050009857356,0.0
3455.0,1.0,0.3135856656763634,0.0
8971.0,0.0,0.2541982023144616,0.0
8504.0,3.0,0.6145296261193427,1.0
6336.0,0.0,0.49469569613057784,0.0
3234.0,3.0,0.40879512357207703,0.0
5140.0,0.0,0.2357410904327953,0.0
4023.0,4.0,0.23943645684266426,0.0
2038.0,7.0,0.48158691711599083,0.0
3260.0,0.0,0.6780183961748985,1.0
4238.0,0.0,0.34058465560357715,0.0
3431.0,1.0,0.20648558272420445,0.0
10871.0,4.0,0.24459444930858312,0.0
1292.0,3.0,0.24766866044957503,0.0
1488.0,0.0,0.3735691744286439,0.0
6203.0,0.0,0.27606726713047175,0.0
6227.0,1.0,0.5277953500387598,1.0
7969.0,5.0,0.5573624353289431,1.0
5015.0,3.0,0.32533925514785883,0.0
2678.0,0.0,0.37689174169818596,0.0
9548.0,4.0,0.49424844115781497,0.0
1797.0,1.0,0.5513957894643228,1.0
8343.0,5.0,0.6650449054293683,1.0
7026.0,0.0,0.3459014226325953,0.0
2099.0,1.0,0.2227365289319157,0.0
9359.0,3.0,0.27375884384159704,0.0
8586.0,0.0,0.1126311906079575,0.0
4416.0,3.0,0.23616586942709258,0.0
2405.0,1.0,0.23176469962582114,0.0
10456.0,0.0,0.36599807665896195,0.0
8471.0,0.0,0.2982730814105431,0.0
7250.0,0.0,0.2239314304045752,0.0
5010.0,0.0,0.7504788201616659,1.0
2281.0,5.0,0.3041472715066108,0.0
1624.0,0.0,0.6639879635286139,1.0
869.0,3.0,0.6395988054509776,1.0
8897.0,0.0,0.15060654441727442,0.0
10389.0,3.0,0.6961164091536814,1.0
10169.0,3.0,0.5022598552558477,1.0
8307.0,1.0,0.3330503762573911,0.0
5701.0,5.0,0.4830189942288985,0.0
4026.0,6.0,0.5456138003130117,1.0
2867.0,3.0,0.32377022649072024,0.0
2961.0,0.0,0.3459171831394595,0.0
10839.0,0.0,0.5656778403053697,1.0
3855.0,3.0,0.19634531603899844,0.0
6852.0,7.0,0.2698537273215963,0.0
5358.0,0.0,0.2723192942251122,0.0
7304.0,3.0,0.2926732699844374,0.0
9831.0,5.0,0.3326914280957264,0.0
10795.0,0.0,0.10786595722494946,0.0
5179.0,0.0,0.8234854529776432,1.0
2245.0,4.0,0.5701750233947139,1.0
8746.0,3.0,0.4124734836980602,0.0
6075.0,0.0,0.6136838002329738,1.0
10838.0,1.0,0.7371579922080027,1.0
4371.0,3.0,0.16101220531238877,0.0
6402.0,1.0,0.34021056357436114,0.0
5342.0,3.0,0.46683694708968715,0.0
5765.0,0.0,0.7186439554994689,1.0
3958.0,3.0,0.20890703887255085,0.0
5270.0,0.0,0.2868909644220019,0.0
9844.0,3.0,0.19529116051784443,0.0
2639.0,0.0,0.27373671848600173,0.0
8676.0,0.0,0.17258333256150113,0.0
10556.0,1.0,0.4475334606915605,0.0
8633.0,3.0,0.47510471430759926,0.0
3990.0,0.0,0.45486926222484503,0.0
7989.0,0.0,0.4339595209030152,0.0
152.0,0.0,0.4275316577866578,0.0
8289.0,3.0,0.48586558685726583,0.0
4022.0,4.0,0.1251822934734533,0.0
5455.0,4.0,0.5088544510814199,1.0
9233.0,1.0,0.40740563267498536,0.0
6686.0,3.0,0.2829513684187255,0.0
8065.0,0.0,0.2532158275428718,0.0
5062.0,4.0,0.7078486479072661,1.0
7974.0,0.0,0.14700263894012477,0.0
1314.0,0.0,0.8897810462580021,1.0
4582.0,1.0,0.4918256961081809,0.0
5762.0,4.0,0.2557931747561235,0.0
5826.0,3.0,0.19966658378488292,0.0
7362.0,1.0,0.8874910594787327,1.0
2027.0,0.0,0.4359128611914202,0.0
442.0,3.0,0.35097922534184645,0.0
7482.0,0.0,0.3250104679337231,0.0
1145.0,0.0,0.5063981173281104,1.0
2740.0,0.0,0.43290282835387484,0.0
4029.0,5.0,0.2886261976655996,0.0
537.0,0.0,0.33512014992727923,0.0
3333.0,3.0,0.29881837782117465,0.0
5272.0,3.0,0.21143595168472382,0.0
7328.0,0.0,0.34848411308718397,0.0
4590.0,5.0,0.31645536355248827,0.0
9221.0,3.0,0.6391809280246521,1.0
6368.0,0.0,0.6655209570891804,1.0
2098.0,4.0,0.17836446211176848,0.0
1375.0,5.0,0.28184297466956715,0.0
7469.0,0.0,0.3243469020234766,0.0
10498.0,4.0,0.22156318581649612,0.0
10932.0,0.0,0.184569046753171,0.0
3229.0,3.0,0.5173594018428902,1.0
598.0,0.0,0.6899291315668515,1.0
68.0,3.0,0.20283995347229014,0.0
9259.0,3.0,0.64755851399873,1.0
8663.0,7.0,0.5130743903681019,1.0
5880.0,0.0,0.24012970099798064,0.0
3347.0,1.0,0.36969241911731066,0.0
4826.0,5.0,0.4526344587863868,0.0
7581.0,0.0,0.1883431090948486,0.0
5183.0,0.0,0.33733367732678105,0.0
7259.0,3.0,0.5914871973136455,1.0
6862.0,0.0,0.32356712103509,0.0
997.0,1.0,0.4171454895609472,0.0
7796.0,0.0,0.3795356241132774,0.0
633.0,4.0,0.16573165449852295,0.0
4940.0,0.0,0.647065200033846,1.0
6274.0,5.0,0.8285843716431818,1.0
9494.0,3.0,0.5372334356436548,1.0
3208.0,1.0,0.18681263166833448,0.0
10805.0,3.0,0.7328779573924774,1.0
9648.0,3.0,0.30829273969188176,0.0
5321.0,4.0,0.4247262693065651,0.0
1884.0,7.0,0.39749696556155617,0.0
6199.0,3.0,0.8264591422590036,1.0
6006.0,1.0,0.5497387764763134,1.0
1710.0,3.0,0.2873713331844221,0.0
7517.0,1.0,0.15564687036862576,0.0
3862.0,3.0,0.2642593186978136,0.0
9306.0,0.0,0.36440303268861995,0.0
511.0,7.0,0.2402910799178203,0.0
8299.0,0.0,0.26965638525788277,0.0
6001.0,0.0,0.7717289714808467,1.0
8856.0,7.0,0.4989595590283006,0.0
5163.0,5.0,0.5045669597084965,1.0
10073.0,0.0,0.11691491847868629,0.0
10427.0,3.0,0.1840123609987705,0.0
7210.0,0.0,0.41991133198185016,0.0
1367.0,0.0,0.2835241546230447,0.0
264.0,5.0,0.6188024949831737,1.0
6378.0,0.0,0.6454869276477939,1.0
7370.0,0.0,0.31619348856735474,0.0
3316.0,4.0,0.5703522999249566,1.0
4387.0,0.0,0.59704266703286,1.0
9473.0,0.0,0.5239452898069542,1.0
7214.0,1.0,0.5390217752201905,1.0
4761.0,5.0,0.3174923463726264,0.0
6159.0,0.0,0.7776736607385105,1.0
1130.0,3.0,0.9145319028819848,1.0
6763.0,4.0,0.27477102199313963,0.0
762.0,3.0,0.401281681965864,0.0
4512.0,0.0,0.5712193149223344,1.0
5914.0,0.0,0.2830606119617768,0.0
10111.0,0.0,0.17210407590012103,0.0
2667.0,3.0,0.5001950945374669,1.0
2496.0,7.0,0.12683034290700457,0.0
10055.0,0.0,0.2866200251369882,0.0
6838.0,4.0,0.5304683445873686,1.0
6864.0,0.0,0.5799354930099885,1.0
1347.0,4.0,0.28482386555010153,0.0
7475.0,3.0,0.1578490718113922,0.0
8995.0,3.0,0.598954680515145,1.0
10406.0,0.0,0.23484870233349794,0.0
6244.0,5.0,0.3819843879005268,0.0
895.0,7.0,0.320423138627768,0.0
7130.0,3.0,0.3689283787762038,0.0
2800.0,0.0,0.46940218223538815,0.0
1692.0,3.0,0.2276483198582727,0.0
7005.0,0.0,0.19753896688534134,0.0
2687.0,3.0,0.17588444288563004,0.0
1577.0,0.0,0.16376634487064956,0.0
5984.0,0.0,0.2585661154331725,0.0
4564.0,7.0,1.4807698575854926e-05,0.0
6638.0,0.0,0.32903945616771174,0.0
5801.0,3.0,0.3694904656068037,0.0
9056.0,0.0,0.2279274079426234,0.0
4873.0,1.0,0.6266016330623092,1.0
7009.0,0.0,0.32903745530862205,0.0
2586.0,3.0,0.25261782808820155,0.0
835.0,0.0,0.6597436506207136,1.0
8172.0,0.0,0.18842444295832736,0.0
7272.0,0.0,0.3880423413279315,0.0
10394.0,0.0,0.1427121325717756,0.0
4476.0,0.0,0.6218256201310637,1.0
5383.0,1.0,0.6483055828499455,1.0
770.0,3.0,0.21202085770254905,0.0
4685.0,0.0,0.5311995192131881,1.0
6380.0,0.0,0.43798503068590544,0.0
6815.0,0.0,0.49599593198347175,0.0
10214.0,0.0,0.6502725156524313,1.0
3051.0,0.0,0.15402067727769336,0.0
4204.0,0.0,0.3789406156748171,0.0
5458.0,0.0,0.2964411146096094,0.0
2630.0,0.0,0.5836898594964849,1.0
5288.0,3.0,0.19016130165823053,0.0
8487.0,3.0,0.7082621270851516,1.0
4801.0,7.0,0.6541015957467081,1.0
794.0,0.0,0.5071377635418891,1.0
2780.0,3.0,0.16298857407849027,0.0
10131.0,0.0,0.42785538983984533,0.0
8511.0,3.0,0.34684127994202624,0.0
10054.0,0.0,0.1476191631138601,0.0
4900.0,8.0,0.020592576602081226,0.0
9475.0,0.0,0.15550313635919139,0.0
5158.0,0.0,0.14617363834229558,0.0
9740.0,0.0,0.44272256418150296,0.0
6356.0,5.0,0.42752349683863594,0.0
9436.0,0.0,0.5232915458675225,1.0
9070.0,3.0,0.544103948846114,1.0
5249.0,0.0,0.3002860253040346,0.0
7451.0,3.0,0.11706242236472972,0.0
7394.0,3.0,0.21222208031057646,0.0
10244.0,7.0,0.30734397863329077,0.0
8560.0,3.0,0.2180251244072783,0.0
59.0,3.0,0.38358373553615466,0.0
8980.0,5.0,0.6468210665767744,1.0
5722.0,0.0,0.32649226992028846,0.0
789.0,0.0,0.3593714628209342,0.0
3761.0,0.0,0.3954321390965428,0.0
7196.0,0.0,0.17150644563411427,0.0
5130.0,0.0,0.17898810787595007,0.0
7534.0,3.0,0.21052219872789615,0.0
8737.0,1.0,0.7278021444771829,1.0
157.0,3.0,0.40156989546725574,0.0
6303.0,6.0,0.38060380026067736,0.0
4774.0,3.0,0.14800480048238615,0.0
5836.0,0.0,0.41524987505682565,0.0
3812.0,0.0,0.4073139283284037,0.0
288.0,3.0,0.3422984137906375,0.0
9547.0,3.0,0.36905064638351326,0.0
2456.0,3.0,0.6944256174056689,1.0
1186.0,3.0,0.45155181508193853,0.0
1142.0,1.0,0.203685412655736,0.0
7669.0,0.0,0.13045028583669271,0.0
541.0,1.0,0.3022783400393091,0.0
3498.0,0.0,0.464071262102794,0.0
3038.0,4.0,0.13322723096227496,0.0
10971.0,3.0,0.1321669490798339,0.0
115.0,1.0,0.2908156280832292,0.0
327.0,3.0,0.22085721460084484,0.0
10017.0,7.0,0.507863350749834,1.0
6762.0,3.0,0.37091580651662187,0.0
10721.0,3.0,0.2732080507129818,0.0
10361.0,4.0,0.5894023566441714,1.0
628.0,3.0,0.34306531296432863,0.0
2127.0,0.0,0.6657255786456858,1.0
5873.0,0.0,0.6358381174639546,1.0
8805.0,1.0,0.1833344307661037,0.0
4504.0,0.0,0.6547853882033324,1.0
4720.0,4.0,0.14940866274737474,0.0
2771.0,3.0,0.3183143833535765,0.0
6118.0,4.0,0.5783686948618157,1.0
526.0,4.0,0.27069778279785145,0.0
8870.0,7.0,0.38861087325019555,0.0
6627.0,5.0,0.14375792264209822,0.0
9079.0,5.0,0.5481677210487563,1.0
4637.0,0.0,0.21329044764974991,0.0
6451.0,0.0,0.40744159390968815,0.0
10653.0,0.0,0.06691657461793725,0.0
4683.0,5.0,0.30699069962751724,0.0
8115.0,7.0,0.0669615173183516,0.0
6986.0,5.0,0.3154887686035186,0.0
10769.0,3.0,0.17300176199024447,0.0
722.0,3.0,0.3602709941650519,0.0
6180.0,0.0,0.39476932503739476,0.0
1639.0,5.0,0.28024842995420685,0.0
9147.0,7.0,0.6210276922182806,1.0
3711.0,3.0,0.30518836118158843,0.0
8143.0,7.0,0.20144964615772515,0.0
5282.0,3.0,0.6390468627792832,1.0
6836.0,3.0,0.3616384245606883,0.0
7991.0,0.0,0.0542670951628397,0.0
1158.0,3.0,0.6734929575385429,1.0
1990.0,0.0,0.27592886446600906,0.0
5406.0,5.0,0.3125501166615313,0.0
10411.0,0.0,0.27521307470537587,0.0
2595.0,6.0,0.29621901237152964,0.0
4244.0,3.0,0.27967616328580236,0.0
3635.0,1.0,0.6071142649331447,1.0
9864.0,0.0,0.1611826982224809,0.0
6021.0,3.0,0.43925751089451537,0.0
3763.0,0.0,0.8911326766533922,1.0
9441.0,0.0,0.2503552400838944,0.0
294.0,0.0,0.3532412331096652,0.0
8259.0,0.0,0.0827945036156228,0.0
4270.0,0.0,0.3605654586435776,0.0
2908.0,0.0,0.4176234503426193,0.0
496.0,4.0,0.31104771344185184,0.0
8283.0,4.0,0.59178402130373,1.0
2294.0,3.0,0.3844481726711055,0.0
2634.0,3.0,0.7183623553678197,1.0
7843.0,3.0,0.23061057391145356,0.0
5114.0,3.0,0.9348728821986306,1.0
10980.0,0.0,0.16558657684539269,0.0
8533.0,0.0,0.26966640937763153,0.0
9269.0,1.0,0.44509080129436296,0.0
6332.0,0.0,0.1637098656918591,0.0
3562.0,0.0,0.14095651928687633,0.0
6834.0,5.0,0.37207488174320563,0.0
7070.0,0.0,0.41028812768260386,0.0
4554.0,0.0,0.5054464149246235,1.0
5483.0,3.0,0.3560845293966958,0.0
3525.0,3.0,0.28597620898996057,0.0
1059.0,0.0,0.49669180146695613,0.0
2363.0,3.0,0.3447559207743257,0.0
1171.0,5.0,0.2568783059227385,0.0
990.0,4.0,0.3362977426300342,0.0
4670.0,4.0,0.27425667019223543,0.0
9172.0,0.0,0.3517091455904886,0.0
6586.0,4.0,0.6437333260461184,1.0
1928.0,5.0,0.7029034571966741,1.0
5084.0,1.0,0.3165431455280342,0.0
4385.0,0.0,0.34571953365323577,0.0
5180.0,8.0,0.07566429350056578,0.0
3636.0,1.0,0.41404686648182626,0.0
5943.0,7.0,0.26549283078543123,0.0
1212.0,1.0,0.27317239364163926,0.0
1513.0,0.0,0.5033554833951892,1.0
9008.0,7.0,0.16099115275699463,0.0
6818.0,4.0,0.276158121415148,0.0
1324.0,3.0,0.2755483011091391,0.0
8945.0,0.0,0.35654156717343877,0.0
2689.0,1.0,0.2409549069060267,0.0
15.0,0.0,0.5693456553382868,1.0
7327.0,0.0,0.14763359556043643,0.0
4256.0,0.0,0.4574411238964877,0.0
8437.0,0.0,0.1958454665562669,0.0
662.0,4.0,0.3026384711969609,0.0
3143.0,3.0,0.7568775475019746,1.0
2625.0,5.0,0.17460104379137853,0.0
8138.0,0.0,0.0978025944221585,0.0
7356.0,7.0,0.5665009326236065,1.0
3982.0,0.0,0.18256473634555614,0.0
7821.0,3.0,0.6278194202531083,1.0
4450.0,0.0,0.3331642803802791,0.0
10956.0,4.0,0.2102609574016444,0.0
7968.0,0.0,0.4687400924041978,0.0
4922.0,5.0,0.2727968725158492,0.0
7676.0,3.0,0.2293196366432033,0.0
6809.0,0.0,0.31109317997940883,0.0
2280.0,0.0,0.7143232243773642,1.0
4247.0,0.0,0.4378898183210405,0.0
10837.0,0.0,0.39081725991462135,0.0
6135.0,0.0,0.4600519807899222,0.0
7975.0,3.0,0.8222006647454541,1.0
2233.0,3.0,0.730087208658334,1.0
1455.0,0.0,0.1592432939395645,0.0
6705.0,4.0,0.45728632972700944,0.0
1123.0,0.0,0.6169220522117156,1.0
3236.0,0.0,0.7472980989991036,1.0
10326.0,0.0,0.5579367471453384,1.0
4884.0,3.0,0.2601964318633144,0.0
8617.0,0.0,0.29194418018540347,0.0
9656.0,0.0,0.23527909145874026,0.0
7605.0,0.0,0.11981706747652565,0.0
1755.0,1.0,0.42964582926977585,0.0
2576.0,3.0,0.5076476900773025,1.0
3043.0,0.0,0.4904018439726529,0.0
2133.0,7.0,0.7690766332604997,1.0
9905.0,3.0,0.5214951668628466,1.0
9662.0,3.0,0.2581507316310226,0.0
1943.0,0.0,0.46289395307006265,0.0
7953.0,5.0,0.29688678908901356,0.0
7276.0,3.0,0.18087636728693957,0.0
7620.0,0.0,0.13107788136759663,0.0
5719.0,0.0,0.5804475356051283,1.0
5957.0,7.0,0.7913252251769677,1.0
356.0,5.0,0.2642990346219957,0.0
8016.0,0.0,0.40121209771644734,0.0
567.0,4.0,0.17051329763023518,0.0
1152.0,8.0,0.9683154704635336,1.0
1683.0,1.0,0.2300781229719346,0.0
6793.0,4.0,0.330884223486699,0.0
5958.0,0.0,0.46589867955107295,0.0
8871.0,0.0,0.2767285123779864,0.0
2261.0,1.0,0.0899284693532438,0.0
148.0,4.0,0.14098617836973729,0.0
522.0,3.0,0.2562161719806222,0.0
8209.0,2.0,0.9998926407860155,1.0
7656.0,5.0,0.37027616832340676,0.0
4643.0,0.0,0.8381744246490628,1.0
1163.0,0.0,0.596133079502433,1.0
2529.0,0.0,0.30393584021086945,0.0
3985.0,5.0,0.7537055997411763,1.0
5687.0,3.0,0.6217995461632455,1.0
8403.0,0.0,0.28901455561058187,0.0
2733.0,7.0,0.11099247820050508,0.0
7922.0,0.0,0.378039314750301,0.0
3909.0,3.0,0.8893046456840464,1.0
960.0,3.0,0.6596638584036367,1.0
10921.0,0.0,0.1480234858543006,0.0
6955.0,0.0,0.5352320679188136,1.0
7660.0,0.0,0.22170526365504759,0.0
4105.0,3.0,0.778908969661847,1.0
3375.0,5.0,0.24973678725121404,0.0
2724.0,3.0,0.2620669502934328,0.0
2870.0,0.0,0.5270350650563248,1.0
6888.0,1.0,0.38144076454367787,0.0
113.0,0.0,0.4418992404540095,0.0
9550.0,0.0,0.4764527564349039,0.0
10423.0,3.0,0.3407628622042659,0.0
1615.0,4.0,0.2335702806485416,0.0
7252.0,1.0,0.7151741670561604,1.0
7526.0,3.0,0.35518588229427683,0.0
9354.0,3.0,0.39322677021414953,0.0
10552.0,4.0,0.23038820653355377,0.0
4471.0,3.0,0.2730133879828628,0.0
1643.0,3.0,0.4039046395361855,0.0
5364.0,4.0,0.3817914725101598,0.0
2611.0,1.0,0.2073378425552961,0.0
4305.0,5.0,0.2942219518939744,0.0
6401.0,3.0,0.17894760449191308,0.0
1803.0,3.0,0.3774538827238441,0.0
3159.0,3.0,0.25215161076875975,0.0
9398.0,0.0,0.24178921717591015,0.0
925.0,3.0,0.3024312407618492,0.0
3992.0,5.0,0.4261171341100667,0.0
5315.0,5.0,0.30502458274048033,0.0
7932.0,0.0,0.1869473167811365,0.0
8831.0,5.0,0.22525855365580946,0.0
6661.0,3.0,0.32020402520655544,0.0
10185.0,0.0,0.16849662910045488,0.0
7551.0,0.0,0.25142411060780634,0.0
8610.0,3.0,0.17297853227135446,0.0
454.0,0.0,0.6064970816810217,1.0
5226.0,0.0,0.8689790183341999,1.0
6808.0,7.0,0.26002785024106495,0.0
71.0,3.0,0.34245346412225397,0.0
9845.0,0.0,0.09971824017100353,0.0
8969.0,0.0,0.31611464520626625,0.0
563.0,4.0,0.1838956303229662,0.0
9934.0,0.0,0.3130724395224064,0.0
2588.0,5.0,0.2955819637536957,0.0
1424.0,3.0,0.45120403876356147,0.0
4372.0,0.0,0.5615735818541235,1.0
7577.0,6.0,0.30722578866350947,0.0
1917.0,3.0,0.2536798205931434,0.0
10990.0,3.0,0.7376108037771546,1.0
3504.0,0.0,0.38329665860574874,0.0
5117.0,0.0,0.5375223605477686,1.0
5869.0,3.0,0.5208992421061454,1.0
9165.0,0.0,0.39292999142911006,0.0
3286.0,7.0,0.29974948961059383,0.0
2415.0,5.0,0.18817727929256986,0.0
6442.0,0.0,0.35460077951031166,0.0
6150.0,3.0,0.29053206865175984,0.0
4748.0,1.0,0.2594916102518098,0.0
7236.0,5.0,0.2686549036444446,0.0
4039.0,5.0,0.20069989252484302,0.0
10292.0,0.0,0.37894415081046684,0.0
5808.0,0.0,0.6542380921732901,1.0
5390.0,0.0,0.5280815149191312,1.0
3223.0,3.0,0.8049253711331802,1.0
8298.0,3.0,0.2778021966355821,0.0
3248.0,3.0,0.3401059955088088,0.0
1332.0,7.0,0.47060986083217254,0.0
396.0,0.0,0.5979413823977195,1.0
10317.0,0.0,0.06387870307264043,0.0
7.0,7.0,0.11749597768443468,0.0
7226.0,3.0,0.46804080651871777,0.0
9795.0,5.0,0.5528440513197664,1.0
100.0,1.0,0.040636223776105866,0.0
2514.0,0.0,0.840372102547262,1.0
10976.0,4.0,0.4092339306924532,0.0
9054.0,0.0,0.5119311890023417,1.0
10189.0,0.0,0.5574407934624579,1.0
4694.0,3.0,0.3675151774739239,0.0
72.0,8.0,0.06335895598324577,0.0
1791.0,0.0,0.6639423547109115,1.0
1541.0,0.0,0.5670541649587244,1.0
6379.0,3.0,0.5347533770595821,1.0
5352.0,0.0,0.26339822866370044,0.0
1866.0,5.0,0.24278112847796357,0.0
2914.0,0.0,0.6990695721154544,1.0
5005.0,5.0,0.8314122895264481,1.0
10333.0,7.0,0.21434502674087888,0.0
10621.0,7.0,0.7071207973052944,1.0
8729.0,3.0,0.5283259772855419,1.0
2649.0,3.0,0.15028574394284122,0.0
8461.0,5.0,0.5390914913211899,1.0
5948.0,3.0,0.16445625981796075,0.0
9523.0,0.0,0.25879102407148935,0.0
8409.0,5.0,0.5741186229170594,1.0
10945.0,0.0,0.347969016775607,0.0
5750.0,0.0,0.4092352975747562,0.0
1764.0,4.0,0.2666086105693817,0.0
5079.0,3.0,0.3631121977910285,0.0
2915.0,3.0,0.4146392516370832,0.0
5508.0,0.0,0.3032050532472135,0.0
5670.0,3.0,0.7059307665261665,1.0
1691.0,3.0,0.7922704388928776,1.0
3961.0,5.0,0.30991292394047654,0.0
7993.0,4.0,0.6121198993180166,1.0
2497.0,7.0,0.20343228565440485,0.0
8765.0,0.0,0.38932732541267984,0.0
2211.0,0.0,0.5758098765331803,1.0
4802.0,3.0,0.4958013185885079,0.0
6646.0,0.0,0.3630347795663493,0.0
5043.0,3.0,0.6640861023808391,1.0
932.0,5.0,0.2907730496472224,0.0
8884.0,3.0,0.2147681577197686,0.0
1041.0,1.0,0.2160105033226129,0.0
10482.0,5.0,0.4608835543748083,0.0
5482.0,7.0,0.5535489012031785,1.0
4265.0,0.0,0.3980615042096959,0.0
8153.0,3.0,0.14145608485917643,0.0
409.0,0.0,0.6216924675810186,1.0
5806.0,3.0,0.28444128241770195,0.0
6667.0,1.0,0.3896046176052885,0.0
4391.0,0.0,0.30622015868940883,0.0
4141.0,0.0,0.3969553965976468,0.0
8716.0,0.0,0.16116419906955046,0.0
2512.0,0.0,0.7766508714254193,1.0
532.0,3.0,0.4331093286743998,0.0
2350.0,0.0,0.691786332255819,1.0
8009.0,0.0,0.6995556940638731,1.0
1742.0,7.0,0.47007720952241405,0.0
9717.0,4.0,0.20177770223223895,0.0
4618.0,0.0,0.477962956185808,0.0
2794.0,3.0,0.44630929418325116,0.0
8448.0,0.0,0.2808749929311729,0.0
5388.0,3.0,0.7584363072882916,1.0
9226.0,3.0,0.28492015452820507,0.0
8797.0,0.0,0.24501738279654298,0.0
5465.0,1.0,0.592716737690945,1.0
9378.0,4.0,0.5914578060592321,1.0
6828.0,3.0,0.34578170225833454,0.0
8365.0,0.0,0.2336077733405158,0.0
1448.0,3.0,0.38871034993487963,0.0
9855.0,3.0,0.22954866452647665,0.0
7553.0,8.0,0.27252419033996894,0.0
6717.0,4.0,0.4981790543376274,0.0
3130.0,0.0,0.6907016587449712,1.0
5761.0,3.0,0.2943131855185669,0.0
6577.0,3.0,0.2779771546298968,0.0
3716.0,0.0,0.2776441833068113,0.0
5736.0,4.0,0.2225105785453026,0.0
7499.0,3.0,0.21669867301526943,0.0
88.0,0.0,0.3247045483611877,0.0
1329.0,3.0,0.6782127170221915,1.0
3238.0,0.0,0.7840622438895285,1.0
8569.0,3.0,0.20004429917960412,0.0
8217.0,5.0,0.5146613972863151,1.0
451.0,0.0,0.7207549746663126,1.0
6032.0,0.0,0.4515256199895409,0.0
1349.0,5.0,0.25693687025949075,0.0
1262.0,3.0,0.25180296542557046,0.0
5681.0,0.0,0.47785924451214357,0.0
6837.0,3.0,0.20914378171548137,0.0
4330.0,0.0,0.30905674920034415,0.0
5545.0,3.0,0.691180199725779,1.0
5551.0,0.0,0.5006579783851043,1.0
1196.0,3.0,0.2785587948039129,0.0
6189.0,4.0,0.34732947908311146,0.0
2873.0,3.0,0.9091057803339613,1.0
7913.0,0.0,0.4244597059574338,0.0
4612.0,3.0,0.6520619079475473,1.0
9272.0,4.0,0.15086525878381182,0.0
10158.0,0.0,0.5278220010320189,1.0
8962.0,3.0,0.30574202238990317,0.0
7794.0,4.0,0.3078915038671499,0.0
5915.0,3.0,0.6844408783167744,1.0
7127.0,7.0,0.45065926908104115,0.0
2439.0,1.0,0.028384869245970848,0.0
4753.0,5.0,0.31904721482642956,0.0
3087.0,0.0,0.44862319567328535,0.0
378.0,0.0,0.3859207217006221,0.0
7140.0,1.0,0.2937381291916311,0.0
5122.0,0.0,0.5637912721425731,1.0
8163.0,0.0,0.3067458501926467,0.0
3408.0,4.0,0.268134502974144,0.0
10526.0,3.0,0.5494247017483253,1.0
9973.0,0.0,0.522198065717346,1.0
6106.0,0.0,0.4688299417168794,0.0
1215.0,5.0,0.1428769877547868,0.0
3392.0,3.0,0.19437814424975156,0.0
6564.0,3.0,0.30472762220408883,0.0
4971.0,0.0,0.49878393672282445,0.0
5208.0,0.0,0.3995043037699723,0.0
7898.0,0.0,0.21300910893423172,0.0
8708.0,0.0,0.25590846416367685,0.0
4233.0,0.0,0.2232346889184715,0.0
2534.0,3.0,0.2118762607818154,0.0
7382.0,0.0,0.46788690226768664,0.0
805.0,3.0,0.5353899431379087,1.0
2009.0,0.0,0.4118659032532442,0.0
2398.0,4.0,0.1975433743254624,0.0
10807.0,3.0,0.7640762115419918,1.0
2579.0,1.0,0.1277361456388788,0.0
4338.0,0.0,0.21697148997661875,0.0
4333.0,7.0,0.3603157808674055,0.0
10617.0,3.0,0.2596174108075062,0.0
587.0,0.0,0.07355426182534476,0.0
4970.0,0.0,0.23717299387556662,0.0
465.0,4.0,0.22578076596539676,0.0
2035.0,0.0,0.365936995451768,0.0
8197.0,3.0,0.2442627889597775,0.0
4961.0,7.0,0.3363108304767781,0.0
1372.0,3.0,0.34725213653438014,0.0
1882.0,0.0,0.7295820612614803,1.0
8563.0,5.0,0.3366498551293594,0.0
4828.0,3.0,0.5697829006772361,1.0
3166.0,3.0,0.34565542321037096,0.0
8845.0,7.0,0.4159398454791623,0.0
9367.0,1.0,0.6751430214264093,1.0
6043.0,3.0,0.30348764794970534,0.0
603.0,0.0,0.4785726812717962,0.0
2561.0,4.0,0.6787109603231021,1.0
1125.0,0.0,0.6163599232222413,1.0
375.0,3.0,0.4088295385064929,0.0
7188.0,0.0,0.2736149813112285,0.0
9810.0,0.0,0.5374140663770937,1.0
10581.0,0.0,0.24678484294129774,0.0
3265.0,4.0,0.23062130305428769,0.0
1594.0,1.0,0.25458374113520965,0.0
5861.0,4.0,0.42984804911082447,0.0
10130.0,1.0,4.782962677367993e-10,0.0
3773.0,5.0,0.40828671886174744,0.0
6528.0,0.0,0.43271159827524114,0.0
7443.0,1.0,0.2955848824693847,0.0
9699.0,7.0,0.16448228323021472,0.0
9420.0,0.0,0.2821816109822056,0.0
1235.0,0.0,0.7505800480800868,1.0
2819.0,0.0,0.5928259317635347,1.0
2753.0,0.0,0.6091822602372031,1.0
5647.0,1.0,0.12669243816840184,0.0
10554.0,0.0,0.32030918381313195,0.0
461.0,5.0,0.49919263811918735,0.0
10142.0,0.0,0.3877308388091388,0.0
4122.0,4.0,0.4321365722282358,0.0
8618.0,6.0,0.37219724649340563,0.0
7153.0,0.0,0.33544234334222855,0.0
6855.0,3.0,0.30455614539600756,0.0
6096.0,0.0,0.6064276593932232,1.0
10123.0,3.0,0.7532858658697805,1.0
530.0,3.0,0.6167267788432745,1.0
649.0,3.0,0.37487047743107815,0.0
5620.0,0.0,0.8637925639496588,1.0
540.0,4.0,0.12220542568339123,0.0
2151.0,3.0,0.4780447686181473,0.0
9296.0,1.0,0.7191768671079036,1.0
4682.0,3.0,0.34254594894966395,0.0
2938.0,0.0,0.27452832629294305,0.0
8453.0,5.0,0.4503859565799912,0.0
6330.0,4.0,0.4456455789715832,0.0
8827.0,5.0,0.41109884780153033,0.0
8423.0,0.0,0.2358398782059759,0.0
10354.0,1.0,0.5250387056349959,1.0
10363.0,0.0,0.4631999663558334,0.0
521.0,6.0,0.2485846323575328,0.0
5473.0,0.0,0.2641323397523582,0.0
1084.0,0.0,0.20509734446717623,0.0
7631.0,3.0,0.47322174511153653,0.0
10643.0,0.0,0.4306604236653373,0.0
7681.0,7.0,0.14686094480641318,0.0
9707.0,8.0,0.9988250473994881,1.0
4595.0,0.0,0.5030700661562515,1.0
3687.0,0.0,0.3557757289908499,0.0
3969.0,0.0,0.6144271937973605,1.0
9843.0,0.0,0.5591306528698433,1.0
9965.0,3.0,0.41544301166860204,0.0
3511.0,3.0,0.3781313277901546,0.0
4732.0,0.0,0.43152558206189723,0.0
5301.0,0.0,0.36661225962685656,0.0
8472.0,0.0,0.5534533130760474,1.0
2696.0,0.0,0.34295627224305586,0.0
223.0,0.0,0.6374416920775688,1.0
3037.0,5.0,0.7075957100202602,1.0
6492.0,3.0,0.3299647083736241,0.0
8392.0,5.0,0.6036449528376644,1.0
99.0,7.0,0.17147645721489183,0.0
2065.0,3.0,0.3469919139448264,0.0
8479.0,0.0,0.19095253219549482,0.0
1464.0,6.0,0.5337650314802014,1.0
4491.0,0.0,0.35125209985800754,0.0
10851.0,1.0,0.4698975227152099,0.0
10217.0,0.0,0.4714188081885223,0.0
9780.0,1.0,0.7355693195006803,1.0
5524.0,0.0,0.3299306803949867,0.0
9566.0,3.0,0.6465969300329927,1.0
3706.0,1.0,0.16285464631522065,0.0
7342.0,3.0,0.20733194202347985,0.0
9307.0,0.0,0.6485165305183256,1.0
5223.0,1.0,0.4250596009421901,0.0
1575.0,0.0,0.3954658553800396,0.0
10667.0,1.0,0.4671750677581351,0.0
8309.0,0.0,0.3608590521223838,0.0
10690.0,0.0,0.28100093985068947,0.0
6058.0,7.0,0.1836850018954994,0.0
6538.0,3.0,0.23261149426060893,0.0
2006.0,0.0,0.5582801605761405,1.0
5287.0,7.0,0.18870098631678195,0.0
10084.0,3.0,0.4350265284685013,0.0
872.0,0.0,0.7092468804189621,1.0
9747.0,0.0,0.24923514995477875,0.0
8960.0,0.0,0.23755643269176172,0.0
9085.0,3.0,0.49891535929024633,0.0
3804.0,0.0,0.2630424033683893,0.0
7875.0,0.0,0.5254501333496538,1.0
7440.0,0.0,0.36888735402457357,0.0
3872.0,3.0,0.4480029571018486,0.0
7450.0,0.0,0.6766881104353164,1.0
469.0,0.0,0.6685995728998428,1.0
362.0,0.0,0.9012461183081502,1.0
3144.0,0.0,0.8798471637465463,1.0
7058.0,0.0,0.20049729484246293,0.0
1446.0,3.0,0.29783843726032705,0.0
10380.0,8.0,0.028559901453737845,0.0
3391.0,1.0,0.8690278352193797,1.0
1198.0,3.0,0.4099749634215117,0.0
6034.0,3.0,0.6235113617650071,1.0
3403.0,0.0,0.37977156090116926,0.0
901.0,0.0,0.32850818901106904,0.0
6496.0,3.0,0.32078070563408084,0.0
1984.0,1.0,0.4325952450906472,0.0
5111.0,0.0,0.2856196781307183,0.0
861.0,3.0,0.47726508171878274,0.0
8641.0,3.0,0.11096193011568281,0.0
3867.0,0.0,0.4955181698549964,0.0
2282.0,0.0,0.23349871833903116,0.0
7194.0,0.0,0.4632800810630179,0.0
83.0,5.0,0.16996130049951583,0.0
3941.0,3.0,0.3151054058279064,0.0
3919.0,2.0,0.02328724620699138,0.0
4978.0,0.0,0.3086569421131972,0.0
3550.0,0.0,0.5923208588070469,1.0
7312.0,3.0,0.7406310774555436,1.0
9544.0,3.0,0.6957912373911093,1.0
5162.0,4.0,0.3045126950416153,0.0
8639.0,1.0,0.4783115738502312,0.0
2268.0,4.0,0.6539587632144985,1.0
4397.0,0.0,0.2882096353372927,0.0
1079.0,0.0,0.3244465789883585,0.0
9005.0,4.0,0.49878292142759934,0.0
6296.0,0.0,0.30524719541060835,0.0
4891.0,4.0,0.35342649813436455,0.0
5716.0,0.0,0.24979892565233772,0.0
10468.0,8.0,0.9981281335556966,1.0
10039.0,0.0,0.5487496470104217,1.0
3226.0,0.0,0.6068455595623601,1.0
5037.0,4.0,0.6424045184993737,1.0
5073.0,0.0,0.1440827833319124,0.0
10949.0,0.0,0.47501583454953533,0.0
6830.0,4.0,0.7112404613896992,1.0
1804.0,0.0,0.35157488054342867,0.0
10019.0,0.0,0.3042292446560254,0.0
7205.0,3.0,0.6216846336710414,1.0
407.0,0.0,0.7433794440863541,1.0
1796.0,0.0,0.38705399089512227,0.0
2437.0,7.0,0.08594683887215177,0.0
9284.0,3.0,0.2391690871412307,0.0
8117.0,3.0,0.4737102163727124,0.0
8906.0,3.0,0.6961378838576574,1.0
9357.0,0.0,0.2725838374922754,0.0
962.0,3.0,0.7910838031056875,1.0
995.0,0.0,0.5195839461102549,1.0
1783.0,5.0,0.4372626686402047,0.0
10229.0,0.0,0.17497926951811105,0.0
8113.0,0.0,0.614396617319678,1.0
7612.0,3.0,0.1784816043950994,0.0
4755.0,0.0,0.8633026771416235,1.0
10854.0,7.0,0.12611688232269894,0.0
9282.0,1.0,0.591328596873443,1.0
2568.0,0.0,0.6743953849576142,1.0
6405.0,3.0,0.047745665696582215,0.0
2654.0,0.0,0.4553777645100884,0.0
50.0,7.0,0.530777016166779,1.0
2154.0,7.0,0.667435250495978,1.0
8256.0,0.0,0.3808924473293146,0.0
5068.0,3.0,0.5100177753099683,1.0
6428.0,4.0,0.9762059089019892,1.0
8354.0,3.0,0.7829747495632183,1.0
414.0,8.0,0.05843228016639077,0.0
225.0,0.0,0.5604926550075238,1.0
4274.0,0.0,0.5364095545026295,1.0
4640.0,0.0,0.7548043191929531,1.0
5430.0,0.0,0.42158324057358026,0.0
9517.0,4.0,0.2970808729376404,0.0
9131.0,7.0,0.43622331738097175,0.0
6249.0,3.0,0.3360183489899933,0.0
9516.0,0.0,0.21418238616236024,0.0
9668.0,1.0,0.3239830095332352,0.0
1216.0,3.0,0.5624804892824605,1.0
1097.0,3.0,0.30519295732122137,0.0
3146.0,5.0,0.22879454376359595,0.0
6571.0,0.0,0.5257758070080649,1.0
8530.0,5.0,0.2472232648569189,0.0
5247.0,0.0,0.4473608888632561,0.0
1729.0,0.0,0.26444887891071384,0.0
8022.0,0.0,0.34251392088029226,0.0
10889.0,0.0,0.18850306464522248,0.0
512.0,1.0,0.32381943224890586,0.0
6231.0,0.0,0.2127035074764056,0.0
8290.0,0.0,0.73577330420581,1.0
9501.0,5.0,0.2373770794136142,0.0
8997.0,0.0,0.09167259310411721,0.0
9264.0,5.0,0.24784785251939262,0.0
7738.0,3.0,0.32454431390618127,0.0
8701.0,0.0,0.15725474635611073,0.0
1360.0,0.0,0.3093849589078669,0.0
8512.0,0.0,0.8213078310506936,1.0
1107.0,3.0,0.4199356967066528,0.0
1707.0,0.0,0.32711304917854894,0.0
9919.0,0.0,0.19380668777685822,0.0
3778.0,3.0,0.3372948033325018,0.0
3305.0,4.0,0.17111288303067915,0.0
190.0,0.0,0.8581699932872258,1.0
153.0,0.0,0.3396855342755271,0.0
9397.0,7.0,0.3046513550312749,0.0
9191.0,0.0,0.26646467491994025,0.0
6167.0,1.0,0.5610602454008468,1.0
924.0,4.0,0.12757866131358075,0.0
3531.0,4.0,0.38108548287810357,0.0
3162.0,3.0,0.7281579459721642,1.0
9414.0,3.0,0.25829866599492846,0.0
10786.0,4.0,0.44941451738185856,0.0
475.0,3.0,0.1771056671806575,0.0
10823.0,5.0,0.3655696889071446,0.0
174.0,0.0,0.3352494056753429,0.0
1698.0,4.0,0.21138797728626543,0.0
5745.0,0.0,0.29448622884778164,0.0
3186.0,4.0,0.36328929952872635,0.0
4353.0,3.0,0.3605123133433682,0.0
6127.0,0.0,0.14467393320980323,0.0
8601.0,0.0,0.32650745188344815,0.0
4888.0,0.0,0.16571276758881393,0.0
7348.0,0.0,0.1690199635776853,0.0
7199.0,0.0,0.3228183367576929,0.0
612.0,0.0,0.7447387116780068,1.0
2393.0,0.0,0.37050547998868255,0.0
5456.0,0.0,0.779293456098384,1.0
5266.0,3.0,0.2552962609210077,0.0
1656.0,5.0,0.22225196307771086,0.0
4384.0,0.0,0.5664485447719154,1.0
9337.0,3.0,0.3793590135788066,0.0
5213.0,5.0,0.16975804921534773,0.0
7360.0,4.0,0.38374044254506345,0.0
4872.0,1.0,0.3720269769238746,0.0
6239.0,0.0,0.14393168816874974,0.0
10426.0,3.0,0.1882769137303874,0.0
3404.0,0.0,0.16375180044920307,0.0
10497.0,7.0,0.5255976158863902,1.0
1888.0,0.0,0.4760031385396791,0.0
9868.0,0.0,0.4736719047488151,0.0
6531.0,0.0,0.6352009734167916,1.0
10330.0,3.0,0.12471354104195137,0.0
9215.0,3.0,0.39466208229296085,0.0
8027.0,3.0,0.1816166040011736,0.0
963.0,3.0,0.5273382791030135,1.0
2863.0,7.0,0.7362772488176745,1.0
2807.0,5.0,0.7866316155349238,1.0
163.0,3.0,0.2427224153028965,0.0
1293.0,0.0,0.513919329106845,1.0
5528.0,4.0,0.4681870766720421,0.0
1646.0,5.0,0.16807907123964785,0.0
4434.0,3.0,0.7821367793149702,1.0
6229.0,3.0,0.5487415288177285,1.0
9380.0,3.0,0.4518779837042598,0.0
3728.0,7.0,0.09086544336807936,0.0
1652.0,3.0,0.19554579206862777,0.0
4615.0,1.0,0.45593561047882164,0.0
10448.0,0.0,0.28332806889007817,0.0
5968.0,3.0,0.49034105530061345,0.0
10457.0,0.0,0.4775260898382446,0.0
7960.0,4.0,0.18252278930621185,0.0
1965.0,1.0,0.6342293263326723,1.0
2567.0,3.0,0.5032840637621195,1.0
51.0,3.0,0.7151635836062783,1.0
8287.0,4.0,0.5036548120655951,1.0
9004.0,0.0,0.2004577958597663,0.0
2385.0,1.0,0.8314739136796149,1.0
3564.0,0.0,0.6430392103648406,1.0
7604.0,3.0,0.14569266278195855,0.0
10631.0,3.0,0.3591403070508897,0.0
3766.0,3.0,0.34827095125574287,0.0
1499.0,0.0,0.7145952541084506,1.0
7242.0,1.0,0.37926311953127445,0.0
9830.0,3.0,0.19411730531934823,0.0
10143.0,0.0,0.5791498546660915,1.0
5088.0,4.0,0.33639494988963037,0.0
269.0,3.0,0.172740289545943,0.0
9593.0,4.0,0.2963534198781368,0.0
10637.0,3.0,0.3526702206021597,0.0
557.0,0.0,0.7970939733240467,1.0
7625.0,7.0,0.1763369412659071,0.0
1135.0,3.0,0.40841101132425855,0.0
4376.0,8.0,0.33798260140905456,0.0
1379.0,0.0,0.5439325733828855,1.0
10444.0,0.0,0.390381956524121,0.0
3031.0,3.0,0.8287967101656588,1.0
10641.0,0.0,0.3045120992581988,0.0
2869.0,5.0,0.27814378374910215,0.0
9227.0,3.0,0.29315702323785553,0.0
268.0,3.0,0.12838319509805743,0.0
5935.0,0.0,0.3508710982860658,0.0
4990.0,3.0,0.6161801864653249,1.0
8040.0,0.0,0.24186467855992053,0.0
7246.0,3.0,0.36534705443271026,0.0
9187.0,5.0,0.8961435050355236,1.0
4267.0,7.0,0.10372593182566005,0.0
4563.0,1.0,0.36070229987225133,0.0
1141.0,0.0,0.14475077981537787,0.0
2788.0,3.0,0.17205487612662193,0.0
10223.0,0.0,0.23803026003274727,0.0
4820.0,0.0,0.4586994839768786,0.0
6089.0,0.0,0.42143090936574434,0.0
10306.0,3.0,0.21976190319853406,0.0
2959.0,0.0,0.49948118531010416,0.0
3541.0,0.0,0.12352682157448196,0.0
5553.0,3.0,0.36284458236623196,0.0
1335.0,4.0,0.2981030437662896,0.0
1953.0,7.0,0.3614256586125042,0.0
9617.0,0.0,0.27806589800812687,0.0
6901.0,1.0,0.557833829485917,1.0
6415.0,0.0,0.2716308044460906,0.0
7781.0,0.0,0.4187853358340225,0.0
616.0,0.0,0.3540503834346537,0.0
918.0,1.0,0.13440385834389923,0.0
10729.0,0.0,0.12644162714084006,0.0
10817.0,7.0,0.1291647551483566,0.0
2836.0,2.0,6.581072807168004e-06,0.0
4439.0,4.0,0.37008358674313263,0.0
6490.0,0.0,0.34677113039086793,0.0
1781.0,3.0,0.41918542611523524,0.0
9381.0,3.0,0.2679683487559256,0.0
439.0,0.0,0.3490481186222759,0.0
1834.0,3.0,0.3937922211517993,0.0
8760.0,1.0,0.7351404097844892,1.0
3380.0,1.0,0.21086699484662497,0.0
252.0,3.0,0.46363842094026864,0.0
2045.0,4.0,0.23856806765499514,0.0
6394.0,0.0,0.16549808878659167,0.0
8877.0,4.0,0.33444108998195393,0.0
10015.0,0.0,0.2800663888496274,0.0
9348.0,3.0,0.5696448417449895,1.0
3255.0,0.0,0.21496886536214257,0.0
6654.0,0.0,0.44010592408610044,0.0
5438.0,0.0,0.5827725542873727,1.0
143.0,0.0,0.3078046110082933,0.0
7036.0,5.0,0.34691492396040136,0.0
7987.0,3.0,0.8073326409190877,1.0
6387.0,6.0,0.2147224642618206,0.0
2651.0,0.0,0.19003661824315599,0.0
173.0,0.0,0.49598993285813125,0.0
8439.0,5.0,0.41439339859845054,0.0
1529.0,1.0,0.4176835639751248,0.0
3446.0,0.0,0.43983228574662936,0.0
645.0,0.0,0.6636280534242749,1.0
6389.0,4.0,0.8122691527302063,1.0
7211.0,0.0,0.45580173590191964,0.0
2495.0,3.0,0.49789361173691793,0.0
945.0,0.0,0.6556781739200145,1.0
1870.0,0.0,0.3910121274377189,0.0
8939.0,1.0,0.39147419898466473,0.0
7574.0,4.0,0.05025875845020827,0.0
1620.0,3.0,0.17788004880028757,0.0
4999.0,0.0,0.44809355787420413,0.0
8818.0,0.0,0.1795050589464746,0.0
2983.0,4.0,0.34876780348123715,0.0
7678.0,0.0,0.4512020555124817,0.0
3362.0,0.0,0.8668189841408074,1.0
8426.0,3.0,0.150299275438821,0.0
9774.0,3.0,0.21287416951910082,0.0
1545.0,0.0,0.38122004590956227,0.0
10369.0,5.0,0.4397725652408569,0.0
10910.0,5.0,0.5534409392782477,1.0
2309.0,6.0,0.3897041753900669,0.0
4831.0,3.0,0.6511557675164183,1.0
3448.0,1.0,0.7584771524075404,1.0
6807.0,0.0,0.5525905916290069,1.0
1242.0,8.0,0.03794136741183962,0.0
7830.0,1.0,0.4323290317188958,0.0
300.0,4.0,0.23563497557439791,0.0
4959.0,5.0,0.3486333765648132,0.0
6801.0,3.0,0.5419373935608746,1.0
6911.0,5.0,0.47645521597032736,0.0
7468.0,3.0,0.47790803467611787,0.0
6484.0,4.0,0.22837220698070157,0.0
8823.0,5.0,0.915866856367775,1.0
3751.0,0.0,0.8099787573938115,1.0
1229.0,0.0,0.5315093998476101,1.0
5246.0,4.0,0.17803811525854576,0.0
10010.0,0.0,0.4112660801277878,0.0
4341.0,7.0,0.6438128183129547,1.0
53.0,3.0,0.3898008706128544,0.0
8440.0,3.0,0.46960683017608745,0.0
6441.0,0.0,0.31607421281637643,0.0
8212.0,3.0,0.23124188962351144,0.0
5852.0,1.0,0.09817153982694815,0.0
2484.0,3.0,0.19015362041094352,0.0
8381.0,0.0,0.21503293581932317,0.0
5635.0,4.0,0.2644135309569196,0.0
4073.0,3.0,0.32027615386888914,0.0
10386.0,3.0,0.5887358823980883,1.0
7224.0,0.0,0.26533306667702666,0.0
5863.0,0.0,0.4236852356740501,0.0
7944.0,3.0,0.27039508240952775,0.0
4443.0,4.0,0.4195479030263367,0.0
9737.0,3.0,0.1901987809059379,0.0
1523.0,8.0,0.9808941731616493,1.0
3934.0,0.0,0.4333217558019603,0.0
6749.0,4.0,0.48716760095472467,0.0
8518.0,0.0,0.56543223814965,1.0
5742.0,0.0,0.2221941716141728,0.0
4651.0,0.0,0.37634253041246063,0.0
959.0,0.0,0.7313155426440524,1.0
6870.0,3.0,0.8890752375699926,1.0
1419.0,4.0,0.2490251431972169,0.0
4473.0,0.0,0.22208491051634566,0.0
5850.0,4.0,0.3744479079669368,0.0
2470.0,0.0,0.23092512069439666,0.0
441.0,7.0,0.4735167804645055,0.0
1456.0,0.0,0.6590479862447257,1.0
8619.0,3.0,0.3239012720988053,0.0
10141.0,0.0,0.35970507228314014,0.0
613.0,3.0,0.26764886886017925,0.0
1562.0,5.0,0.23197278689084108,0.0
2723.0,0.0,0.5454109547151429,1.0
7365.0,3.0,0.4303772209403179,0.0
6708.0,0.0,0.2283149972600954,0.0
6729.0,6.0,0.23212127738514696,0.0
5453.0,1.0,0.6639693903087664,1.0
5027.0,0.0,0.4333038134790551,0.0
2208.0,0.0,0.4760834567331634,0.0
6390.0,0.0,0.17112877320501885,0.0
7166.0,1.0,0.435953534748543,0.0
10648.0,5.0,0.46680135684887725,0.0
1906.0,3.0,0.47965997570560476,0.0
3960.0,0.0,0.250519783941,0.0
10107.0,1.0,0.3040741899562857,0.0
3749.0,0.0,0.4417621245351173,0.0
7116.0,0.0,0.617720071175386,1.0
2620.0,0.0,0.7358829377091584,1.0
5732.0,4.0,0.375984551941482,0.0
10447.0,3.0,0.1688768387064088,0.0
8469.0,0.0,0.32976902716075357,0.0
7644.0,0.0,0.5404492300671487,1.0
2479.0,0.0,0.5823249018434753,1.0
5289.0,0.0,0.4977941054557863,0.0
1676.0,4.0,0.18577726130501943,0.0
701.0,0.0,0.6961950544071593,1.0
5515.0,0.0,0.15641059075028374,0.0
7735.0,4.0,0.2484316663621939,0.0
6637.0,4.0,0.27417369202123637,0.0
1543.0,0.0,0.7852350113426917,1.0
8548.0,0.0,0.8190073839412003,1.0
6572.0,3.0,0.36550756645273763,0.0
8791.0,4.0,0.43910286593583203,0.0
1173.0,0.0,0.49967152538163656,0.0
1921.0,1.0,0.8913174020569681,1.0
8428.0,4.0,0.7622176923068782,1.0
6292.0,0.0,0.1299619725195855,0.0
7419.0,0.0,0.4109311796209284,0.0
1873.0,4.0,0.32824345763210927,0.0
2790.0,3.0,0.3302752745880693,0.0
3578.0,5.0,0.41703296891380187,0.0
8858.0,0.0,0.5461988430033164,1.0
7741.0,0.0,0.38325428397189487,0.0
487.0,3.0,0.9731533429215014,1.0
10494.0,1.0,0.6711897600813431,1.0
10920.0,3.0,0.4918842617661027,0.0
2474.0,0.0,0.4760256350627988,0.0
8756.0,0.0,0.9104334577761302,1.0
8501.0,0.0,0.7262936507008956,1.0
8436.0,7.0,0.55906527722811,1.0
6863.0,0.0,0.2270500451337604,0.0
236.0,5.0,0.1777257468389336,0.0
4316.0,0.0,0.011717559041815909,0.0
10757.0,0.0,0.27965643705655335,0.0
5463.0,0.0,0.35734073865676474,0.0
1388.0,4.0,0.19199537459206267,0.0
8596.0,0.0,0.21691818187512626,0.0
803.0,0.0,0.33656539686026943,0.0
4731.0,0.0,0.4111912587759525,0.0
1356.0,6.0,0.37105448897572335,0.0
1077.0,0.0,0.4433387789562085,0.0
10525.0,0.0,0.20190132870874075,0.0
2404.0,0.0,0.6229856601852937,1.0
8059.0,3.0,0.44389584007661564,0.0
7874.0,3.0,0.31978843425749864,0.0
1271.0,1.0,0.20302606015492686,0.0
1111.0,0.0,0.3494317620714474,0.0
7603.0,7.0,0.1278828100325058,0.0
3641.0,3.0,0.5355527640342832,1.0
10884.0,3.0,0.7508999749322998,1.0
7149.0,3.0,0.4258841648097158,0.0
9334.0,0.0,0.23480446307887276,0.0
8657.0,3.0,0.46069564753608083,0.0
3758.0,0.0,0.22400792160027605,0.0
2698.0,4.0,0.16377916171027396,0.0
9588.0,3.0,0.17472196528393477,0.0
1411.0,6.0,0.27602461796796396,0.0
10659.0,0.0,0.7798077690595553,1.0
6117.0,0.0,0.5619290280435961,1.0
4390.0,3.0,0.13150505880908395,0.0
9817.0,0.0,0.29524859760162503,0.0
5658.0,0.0,0.3967961826448978,0.0
8494.0,4.0,0.2924735324657881,0.0
4182.0,3.0,0.44778710253426135,0.0
4928.0,7.0,0.39180303883090456,0.0
1438.0,4.0,0.3319624850472165,0.0
7033.0,0.0,0.4416439558122831,0.0
2317.0,0.0,0.5073078914133325,1.0
4292.0,8.0,0.24796593890329066,0.0
4068.0,4.0,0.1621708297091074,0.0
3181.0,3.0,0.564690591729125,1.0
7479.0,3.0,0.7065445850325967,1.0
9750.0,0.0,0.23016026271033319,0.0
9439.0,0.0,0.2952645112263309,0.0
3896.0,5.0,0.590440617332674,1.0
10383.0,0.0,0.5456816064419887,1.0
434.0,0.0,0.5346375358305632,1.0
10806.0,0.0,0.3719607815069228,0.0
788.0,7.0,0.3328789514281012,0.0
1305.0,0.0,0.6358905541745165,1.0
139.0,7.0,0.5835229892481788,1.0
3563.0,0.0,0.670063005768218,1.0
2193.0,4.0,0.5441972505237781,1.0
7275.0,4.0,0.26162680342504907,0.0
1925.0,7.0,0.13351796057443716,0.0
9628.0,1.0,0.7702202732457042,1.0
3227.0,3.0,0.47824987215592996,0.0
6957.0,0.0,0.49497408582399954,0.0
5763.0,5.0,0.3045227876908903,0.0
9323.0,3.0,0.7308764370907993,1.0
1051.0,0.0,0.34735935180339567,0.0
7340.0,4.0,0.3923328018412972,0.0
4031.0,0.0,0.13533050849636485,0.0
238.0,1.0,0.46173353171494086,0.0
8048.0,3.0,0.35879790682292073,0.0
8023.0,0.0,0.2569165911913836,0.0
1452.0,4.0,0.2901962670195593,0.0
3865.0,0.0,0.5803105368254114,1.0
2190.0,5.0,0.29257891022030735,0.0
5251.0,3.0,0.39772260757280414,0.0
1136.0,0.0,0.6345591744597043,1.0
8651.0,0.0,0.5935823602597,1.0
9785.0,3.0,0.20365933309255616,0.0
3858.0,1.0,0.39887241524410805,0.0
7064.0,0.0,0.36455627144858355,0.0
95.0,0.0,0.8282121031265992,1.0
7020.0,3.0,0.28419745626106707,0.0
1303.0,0.0,0.4002547954174384,0.0
2808.0,0.0,0.46579637154659514,0.0
2688.0,0.0,0.35015316464221374,0.0
5243.0,0.0,0.5071703639471965,1.0
10252.0,0.0,0.23895926848354757,0.0
999.0,3.0,0.2665660928208514,0.0
8094.0,3.0,0.1442520185362691,0.0
2070.0,0.0,0.5910877971553384,1.0
7154.0,3.0,0.17183946080953535,0.0
8505.0,0.0,0.4741848475769685,0.0
8834.0,0.0,0.7017737640380645,1.0
10300.0,3.0,0.14642098647535556,0.0
1913.0,0.0,0.4161790823457035,0.0
1645.0,1.0,0.37305660916597,0.0
2457.0,7.0,0.17476272443447313,0.0
4463.0,4.0,0.5767819794276912,1.0
5148.0,3.0,0.3502244359218152,0.0
9030.0,5.0,0.5006030734161488,1.0
9186.0,0.0,0.3160793282252783,0.0
5817.0,3.0,0.4791478174358715,0.0
7540.0,0.0,0.4563246878209471,0.0
4611.0,0.0,0.23486861090945757,0.0
1276.0,0.0,0.6285414471339412,1.0
7466.0,3.0,0.2993580577288413,0.0
3809.0,3.0,0.6615039484836575,1.0
7710.0,3.0,0.6954343080485944,1.0
624.0,1.0,0.34763531845364876,0.0
10212.0,0.0,0.04594672299986255,0.0
7894.0,0.0,0.4580289579783448,0.0
8733.0,0.0,0.17487176327506157,0.0
6884.0,3.0,0.6419567218554668,1.0
10279.0,1.0,0.17936569945609512,0.0
2719.0,0.0,0.3931164870314495,0.0
9846.0,3.0,0.3334828885516785,0.0
2221.0,3.0,0.23888986751982919,0.0
8326.0,3.0,0.7211410673861801,1.0
9557.0,1.0,0.46095063665544234,0.0
806.0,3.0,0.3550582618892021,0.0
7150.0,1.0,0.43591963329521843,0.0
1377.0,0.0,0.6025900036115699,1.0
8425.0,0.0,0.369842682956008,0.0
9216.0,3.0,0.1230618430717395,0.0
10209.0,3.0,0.40320488293189705,0.0
4085.0,3.0,0.23621531541820126,0.0
6800.0,0.0,0.29160056714355564,0.0
2969.0,3.0,0.21253775624983523,0.0
2222.0,0.0,0.13020381626095873,0.0
7237.0,3.0,0.4088770211905091,0.0
1971.0,0.0,0.3273229295611467,0.0
1008.0,3.0,0.2019989544347866,0.0
8630.0,0.0,0.6370424987147245,1.0
4211.0,7.0,0.16107008344580598,0.0
625.0,1.0,0.20472523462460807,0.0
1261.0,0.0,0.35177391736211094,0.0
6498.0,4.0,0.46846113180733046,0.0
246.0,3.0,0.28158173287490346,0.0
574.0,3.0,0.47313390004681055,0.0
7606.0,3.0,0.7452723856169547,1.0
3881.0,0.0,0.6954864400823823,1.0
8558.0,0.0,0.15253099850600985,0.0
9904.0,0.0,0.5527558941971638,1.0
10058.0,0.0,0.2985396895143126,0.0
3.0,0.0,0.33913883701883873,0.0
4912.0,5.0,0.6955595080503558,1.0
6082.0,0.0,0.6345460062318233,1.0
6392.0,0.0,0.25281551670439567,0.0
7908.0,0.0,0.5475432431227291,1.0
7110.0,3.0,0.27087846557310025,0.0
6210.0,0.0,0.5696796767660153,1.0
558.0,0.0,0.49116388349792556,0.0
505.0,0.0,0.2928932120044324,0.0
3759.0,1.0,0.7838314170675191,1.0
5416.0,0.0,0.31706715860497703,0.0
8050.0,4.0,0.4130852675253301,0.0
2411.0,1.0,0.3651777368092575,0.0
6950.0,3.0,0.443357875040509,0.0
10596.0,7.0,0.7615968641272486,1.0
10299.0,0.0,0.1871827988258275,0.0
218.0,4.0,0.17013547184889877,0.0
9979.0,4.0,0.28241330545859883,0.0
5198.0,3.0,0.38673882688735883,0.0
1237.0,0.0,0.3873298868142031,0.0
5929.0,3.0,0.35501837956674104,0.0
3460.0,0.0,0.48784918297381397,0.0
9989.0,0.0,0.5192104021062733,1.0
715.0,3.0,0.5352595795466739,1.0
3594.0,0.0,0.21874113464915973,0.0
7025.0,1.0,0.21749914892330421,0.0
5324.0,3.0,0.16628004654461945,0.0
8210.0,1.0,0.3851463304473199,0.0
3666.0,1.0,0.18531481770636582,0.0
1024.0,0.0,0.3288128029949248,0.0
6548.0,0.0,0.5029669528777514,1.0
2918.0,6.0,0.24490646456368223,0.0
1103.0,0.0,0.5706891284212711,1.0
9225.0,0.0,0.5368538100333496,1.0
5684.0,0.0,0.28415192847979437,0.0
884.0,3.0,0.14516639858036193,0.0
6005.0,3.0,0.7182102641225262,1.0
280.0,4.0,0.39543492533419755,0.0
6645.0,1.0,0.2764008398396602,0.0
28.0,4.0,0.2510463373147763,0.0
5167.0,3.0,0.7919629898739386,1.0
3624.0,0.0,0.49236856859189043,0.0
2638.0,3.0,0.4107750542459084,0.0
10195.0,7.0,0.22411741491543558,0.0
10860.0,0.0,0.12810875371388047,0.0
169.0,3.0,0.5034668511188786,1.0
8712.0,4.0,0.4673766122790767,0.0
5431.0,4.0,0.3195078626154705,0.0
6027.0,0.0,0.46692448013666255,0.0
8146.0,0.0,0.3956769000016505,0.0
6755.0,1.0,0.3595819467432049,0.0
6703.0,0.0,0.26345563505592917,0.0
7302.0,0.0,0.7798288418731629,1.0
1072.0,0.0,0.28508462846747323,0.0
6481.0,1.0,0.34004030844150684,0.0
10399.0,3.0,0.41753224965083613,0.0
6611.0,0.0,0.1023511999501087,0.0
3112.0,0.0,0.41968153960038773,0.0
5134.0,3.0,0.9462998160229196,1.0
4401.0,0.0,0.18125664379508322,0.0
4879.0,0.0,0.32278606812737537,0.0
5505.0,0.0,0.16171285435358176,0.0
6689.0,3.0,0.21189089601244865,0.0
8415.0,3.0,0.5619576423635106,1.0
6715.0,1.0,0.35813981535590306,0.0
3345.0,4.0,0.3741920648244801,0.0
8535.0,0.0,0.11486866493191687,0.0
847.0,0.0,0.5835611688438717,1.0
7971.0,3.0,0.5395177803719609,1.0
8240.0,1.0,0.27763397889250974,0.0
4100.0,3.0,0.7250586128578945,1.0
293.0,0.0,0.3922319533732038,0.0
3999.0,0.0,0.19108692994323612,0.0
9875.0,0.0,0.1622902651015009,0.0
4444.0,4.0,0.7250356024164331,1.0
9277.0,1.0,0.3447884764598346,0.0
5377.0,0.0,0.1524338050231896,0.0
5442.0,0.0,0.895933813054032,1.0
9748.0,0.0,0.4735577937204212,0.0
10277.0,0.0,0.5196750258252456,1.0
3178.0,3.0,0.7630967846767552,1.0
9729.0,1.0,0.39576373493379774,0.0
7736.0,0.0,0.22304713062349463,0.0
8813.0,0.0,0.23290212032574711,0.0
6904.0,1.0,0.42720531850624693,0.0
9060.0,3.0,0.49080529975962106,0.0
10801.0,0.0,0.3686339775066381,0.0
289.0,0.0,0.7913769123004964,1.0
7103.0,7.0,0.6621924834577053,1.0
2772.0,0.0,0.5837732151567998,1.0
1741.0,0.0,0.6321770571290223,1.0
2874.0,0.0,0.28958684041126653,0.0
5886.0,3.0,0.16984177245514442,0.0
4510.0,3.0,0.215526699373151,0.0
8450.0,3.0,0.35835743653624064,0.0
5487.0,0.0,0.23267001808120197,0.0
5279.0,7.0,0.26045026728202403,0.0
5052.0,3.0,0.3102109515702881,0.0
1951.0,0.0,0.40615564956715333,0.0
10066.0,0.0,0.23365363520942406,0.0
5638.0,5.0,0.35425244364244335,0.0
6831.0,4.0,0.7885392701207825,1.0
