id,race,sex,score,true_label,predicted_label,true-pred,score-adv
5627,African-American,Male,0.68807745,1,1,0,-0.000807918
9220,White,Male,-0.874140382,0,0,0,-0.003224508
2655,African-American,Male,-0.367320329,0,0,0,-0.002440588
9081,Other,Male,-0.000679056,0,0,0,-0.001873413
644,African-American,Male,1.30504775,1,1,0,0.000146372
93,African-American,Male,-0.164142206,1,0,1,-0.002126286
9224,White,Male,-1.046156645,0,0,0,-0.003490529
5754,African-American,Male,0.746835172,1,1,0,-0.000717026
3290,African-American,Male,-0.475283176,0,0,0,-0.002607591
6760,African-American,Male,0.210619152,0,0,0,-0.001546533
10194,African-American,Male,0.999831676,1,1,0,-0.000325686
3785,White,Male,-0.268274307,0,0,0,-0.002287373
2817,White,Male,0.541947842,0,1,-1,-0.001033971
379,Hispanic,Female,-1.263082862,0,0,0,-0.003825962
569,African-American,Female,-0.630377412,0,0,0,-0.00284749
8196,White,Male,0.021657841,1,0,1,-0.001838857
10680,African-American,Male,0.348912627,1,1,0,-0.001332593
8452,White,Male,-0.387755841,0,0,0,-0.002472199
9552,Hispanic,Male,0.273481876,1,1,0,-0.001449284
849,African-American,Male,-0.583503306,1,0,1,-0.002774987
5654,African-American,Male,-0.54250443,0,0,0,-0.002711571
2539,African-American,Female,0.101957142,1,0,1,-0.001714634
10379,African-American,Male,0.832268,1,1,0,-0.000584873
6304,African-American,Male,1.258173585,1,1,0,7.39E-05
9125,White,Male,-1.150525093,1,0,1,-0.00365192
6525,White,Male,-1.355409622,1,0,1,-0.00396871
7472,White,Male,-1.852622628,0,0,0,-0.00473727
3218,Other,Male,-0.370945513,0,0,0,-0.002446196
5137,African-American,Female,-1.206813931,1,0,1,-0.003738958
4409,White,Male,1.499418616,1,1,0,0.000446951
6149,African-American,Male,-0.017662011,1,0,1,-0.001899685
6129,African-American,Male,-0.85358578,0,0,0,-0.003192719
6236,Other,Male,-0.991163433,0,0,0,-0.003405486
8774,White,Male,-0.390646458,0,0,0,-0.002476671
7508,Hispanic,Male,-1.192602992,0,0,0,-0.003716984
3250,White,Male,-1.327427745,0,0,0,-0.003925448
5691,White,Male,-0.414135665,0,0,0,-0.002513006
3287,African-American,Male,0.569536626,1,1,0,-0.000991293
654,White,Male,-1.066429734,0,0,0,-0.003521879
853,African-American,Male,-0.939844787,0,0,0,-0.003326123
3502,Hispanic,Male,-0.999000192,1,0,1,-0.003417605
691,African-American,Male,-0.029864555,1,0,1,-0.001918562
4205,White,Female,-0.939466774,1,0,1,-0.003325537
5960,White,Male,-1.510922074,0,0,0,-0.004209128
10168,White,Male,-1.267807126,0,0,0,-0.003833266
5219,White,Female,-0.300563157,1,0,1,-0.002337321
2467,African-American,Male,0.16268295,0,0,0,-0.001620691
6160,African-American,Male,0.808667302,1,1,0,-0.00062138
3671,White,Male,-1.045758128,0,0,0,-0.003489913
1849,African-American,Male,0.335472077,1,1,0,-0.001353385
6968,African-American,Male,0.818831444,1,1,0,-0.000605658
6593,African-American,Male,-1.589190364,0,0,0,-0.004330116
4081,White,Male,-0.461783707,0,0,0,-0.00258671
6591,African-American,Female,-1.960086226,0,0,0,-0.00490333
668,Hispanic,Male,-0.09696839,1,0,1,-0.002022371
1864,African-American,Male,-0.919255137,0,0,0,-0.00329428
7189,White,Male,-0.047137637,1,0,1,-0.001945283
7192,Other,Female,-1.993635297,0,0,0,-0.00495517
2835,White,Male,0.89201194,1,1,0,-0.00049246
7661,White,Female,2.076778889,1,1,0,0.00133954
7595,Hispanic,Female,-1.813721776,0,0,0,-0.004677152
7218,African-American,Male,-0.446500868,0,0,0,-0.00256307
9527,African-American,Male,-0.663311481,0,0,0,-0.00289843
2400,African-American,Male,1.045183301,0,1,-1,-0.00025554
4500,African-American,Male,0.679012299,0,1,-1,-0.000821941
2383,Other,Male,-0.975916982,0,0,0,-0.003381907
2927,African-American,Male,0.271697491,1,1,0,-0.001452045
10237,White,Male,0.79471457,1,1,0,-0.000642963
5617,White,Male,-1.477578521,0,0,0,-0.004157582
6259,White,Male,-1.262469411,0,0,0,-0.003825013
6285,White,Female,-1.012565017,1,0,1,-0.003438582
9626,African-American,Male,0.849320889,1,1,0,-0.000558495
41,White,Male,1.167699456,1,1,0,-6.60E-05
7060,African-American,Female,0.549984634,0,1,-1,-0.001021539
2290,African-American,Male,-0.808593512,1,0,1,-0.003123133
2582,White,Male,-0.608265758,0,0,0,-0.002813289
8237,Hispanic,Male,-1.027454734,0,0,0,-0.003461608
8681,African-American,Male,1.449973702,1,1,0,0.000370492
6081,White,Female,-0.402272493,0,0,0,-0.002494655
9087,White,Male,-1.357804656,1,0,1,-0.003972413
7765,Hispanic,Male,0.621018708,1,1,0,-0.000911653
5797,Hispanic,Male,0.277249068,0,1,-1,-0.001443456
8231,African-American,Male,-0.334470838,0,0,0,-0.002389773
9972,African-American,Male,-0.449688405,0,0,0,-0.002568
2062,African-American,Male,-1.081692696,0,0,0,-0.003545482
1770,African-American,Male,-0.37347883,1,0,1,-0.002450114
5153,African-American,Male,1.640842557,1,1,0,0.000665628
10499,White,Female,0.655533016,1,1,0,-0.000858262
9247,African-American,Male,-0.062496603,1,0,1,-0.001969044
4809,White,Female,0.328386724,1,1,0,-0.001364346
3673,Other,Male,-1.028641701,0,0,0,-0.003463443
3917,African-American,Male,-0.384782255,0,0,0,-0.002467599
8503,African-American,Male,-0.670372903,0,0,0,-0.002909353
2502,Hispanic,Male,-1.435000181,0,0,0,-0.004091759
6019,White,Male,-0.208685949,1,0,1,-0.002195194
2183,African-American,Male,-1.225711107,0,0,0,-0.003768177
5576,Other,Male,1.354106665,1,1,0,0.000222241
8207,White,Male,-0.455435961,1,0,1,-0.002576891
6391,African-American,Male,0.684125662,1,1,0,-0.000814031
3693,African-American,Male,-0.554780602,0,0,0,-0.002730559
3611,White,Male,0.136998817,0,0,0,-0.001660425
1819,Other,Male,0.638304949,0,1,-1,-0.000884912
1153,White,Female,0.238948017,1,0,1,-0.001502708
1538,White,Male,-0.316361904,0,0,0,-0.00236176
5789,Hispanic,Female,-1.811304688,0,0,0,-0.004673417
4317,African-American,Male,0.031266611,0,0,0,-0.001823993
9248,African-American,Male,1.7025913,0,1,-1,0.0007611
864,Hispanic,Male,1.164553285,0,1,-1,-7.09E-05
2758,African-American,Male,-0.771244705,0,0,0,-0.003065369
8819,Other,Female,-0.884642839,0,0,0,-0.003240751
5971,White,Male,-0.947774172,0,0,0,-0.003338385
9733,African-American,Male,-0.053050827,1,0,1,-0.001954431
1634,White,Male,-0.965824366,0,0,0,-0.0033663
3722,African-American,Male,0.425969213,1,1,0,-0.001213387
8991,African-American,Male,1.597457886,1,1,0,0.000598547
6377,White,Male,0.369217604,1,1,0,-0.001301181
7125,African-American,Female,0.202303559,0,0,0,-0.001559398
5150,African-American,Male,-1.041041374,0,0,0,-0.003482619
4937,Other,Male,-0.886328101,0,0,0,-0.003243357
5045,White,Female,0.541929364,0,1,-1,-0.001034
7820,African-American,Male,-0.391539723,1,0,1,-0.002478052
3420,African-American,Male,-0.964174807,0,0,0,-0.003363749
10328,African-American,Male,-0.202826783,0,0,0,-0.00218613
7449,African-American,Male,1.490638852,1,1,0,0.000433375
9690,African-American,Female,-1.035127521,0,0,0,-0.003473474
10719,African-American,Male,-0.224242985,0,0,0,-0.002219259
5160,African-American,Male,1.008990407,0,1,-1,-0.00031152
3492,African-American,Male,0.613828242,0,1,-1,-0.000922776
9463,Hispanic,Male,-0.882601619,0,0,0,-0.003237593
4404,African-American,Female,0.170376182,1,0,1,-0.00160879
8224,Hispanic,Male,-0.887136698,0,0,0,-0.003244608
7485,Hispanic,Male,-1.110460997,1,0,1,-0.003589968
9578,African-American,Male,0.669628143,0,1,-1,-0.000836458
5168,African-American,Male,1.449253678,1,1,0,0.000369378
1700,African-American,Male,-0.607890368,1,0,1,-0.002812708
1613,African-American,Male,-0.615411103,0,0,0,-0.002824341
4342,African-American,Male,0.658281684,1,1,0,-0.00085401
8771,Hispanic,Male,-1.27106607,0,0,0,-0.003838305
3455,African-American,Female,-0.860124111,0,0,0,-0.003202831
8971,African-American,Male,-0.126556262,0,0,0,-0.002068142
8504,White,Male,0.51477617,1,1,0,-0.001076005
6336,African-American,Male,0.675545573,1,1,0,-0.000827304
3234,White,Male,-0.366198093,0,0,0,-0.002438852
5140,African-American,Male,-0.911502779,1,0,1,-0.003282291
4023,White,Female,-1.359765768,0,0,0,-0.003975445
2038,Other,Male,-0.286897749,0,0,0,-0.002316182
3260,African-American,Male,1.224305868,1,1,0,2.15E-05
4238,African-American,Male,0.122454137,1,0,1,-0.001682925
3431,African-American,Female,-1.171919584,0,0,0,-0.003685002
10871,White,Female,-1.413990855,0,0,0,-0.004059279
1292,White,Male,-1.209470153,0,0,0,-0.003743065
1488,African-American,Male,-0.481761277,1,0,1,-0.002617612
6203,African-American,Male,-0.455693841,0,0,0,-0.00257729
6227,African-American,Female,0.158368498,1,0,1,-0.001627366
7969,Hispanic,Male,-0.28418687,0,0,0,-0.002311989
5015,White,Male,-0.691314757,1,0,1,-0.002941743
2678,African-American,Male,-0.35109672,0,0,0,-0.002415492
9548,White,Female,-1.218901992,0,0,0,-0.003757649
1797,African-American,Female,0.262519032,1,1,0,-0.001466244
8343,Hispanic,Male,0.908923507,1,1,0,-0.000466301
7026,African-American,Male,0.170896471,0,0,0,-0.001607985
2099,African-American,Female,-1.183025002,0,0,0,-0.003702174
9359,White,Male,-0.707510233,0,0,0,-0.002966793
8586,African-American,Male,-1.282385945,0,0,0,-0.003855807
4416,White,Male,-1.155258894,0,0,0,-0.00365924
2405,African-American,Female,-0.777086318,0,0,0,-0.003074404
10456,African-American,Male,0.505401015,1,1,0,-0.001090508
8471,African-American,Male,0.086371817,1,0,1,-0.001738745
7250,African-American,Male,-0.187738165,0,0,0,-0.002162788
5010,African-American,Male,1.910148025,1,1,0,0.001081976
2281,Hispanic,Male,-0.972491145,1,0,1,-0.00337661
1624,African-American,Male,0.929943264,1,1,0,-0.000433788
869,White,Male,0.164216489,0,0,0,-0.001618319
8897,African-American,Male,-0.96816361,0,0,0,-0.003369917
10389,White,Male,0.752465367,0,1,-1,-0.000708317
10169,White,Male,0.136633441,1,0,1,-0.00166099
8307,African-American,Female,-0.56519711,0,0,0,-0.002746671
5701,Hispanic,Male,-0.101213224,1,0,1,-0.002028937
4026,Hispanic,Female,-0.721138656,1,0,1,-0.002987872
2867,White,Male,-0.721025884,0,0,0,-0.002987697
2961,African-American,Male,-0.418614566,1,0,1,-0.002519934
10839,African-American,Male,1.579090238,1,1,0,0.000570146
3855,White,Male,-1.360188365,0,0,0,-0.003976098
6852,Other,Male,-0.696330428,1,0,1,-0.002949501
5358,African-American,Male,-0.567460537,1,0,1,-0.002750172
7304,White,Male,-0.689097166,0,0,0,-0.002938313
9831,Hispanic,Male,-0.725428283,1,0,1,-0.002994506
10795,African-American,Male,0.010668552,1,0,1,-0.001855858
5179,African-American,Male,2.273573399,1,1,0,0.001643675
2245,White,Female,-0.695083797,0,0,0,-0.002947573
8746,White,Male,-0.185321182,0,0,0,-0.00215905
6075,African-American,Male,1.263490319,1,1,0,8.21E-05
10838,African-American,Female,-0.139237523,1,0,1,-0.00208776
4371,White,Male,-1.56150496,0,0,0,-0.004287321
6402,African-American,Female,-0.821863532,0,0,0,-0.003143657
5342,White,Male,-0.447424203,0,0,0,-0.002564498
5765,African-American,Male,1.527971148,0,1,-1,0.000491102
3958,White,Male,-1.209957004,0,0,0,-0.003743818
5270,African-American,Male,-0.478156239,0,0,0,-0.002612036
9844,White,Male,-1.217113614,1,0,1,-0.003754884
2639,African-American,Male,-0.880135238,0,0,0,-0.003233779
8676,African-American,Male,-0.671918213,0,0,0,-0.002911743
10556,African-American,Female,-0.818271935,0,0,0,-0.003138103
8633,White,Male,0.169840321,1,0,1,-0.001609619
3990,African-American,Male,0.401351511,1,1,0,-0.00125147
7989,African-American,Male,0.680135012,1,1,0,-0.000820205
152,African-American,Male,-0.513553143,0,0,0,-0.002666788
8289,White,Male,0.093833998,0,0,0,-0.001727201
4022,White,Female,0.114686847,0,0,0,-0.001694941
5455,White,Female,-0.829797268,0,0,0,-0.003155928
9233,African-American,Female,-0.751462579,0,0,0,-0.003034773
6686,White,Male,-0.764696896,1,0,1,-0.003055242
8065,African-American,Male,-0.351085931,1,0,1,-0.002415475
5062,White,Female,0.105521835,1,0,1,-0.00170912
7974,African-American,Male,-1.068716884,1,0,1,-0.003525416
1314,African-American,Male,2.160417795,1,1,0,0.001468807
4582,African-American,Female,0.016080687,0,0,0,-0.001847485
5762,White,Female,-1.335726857,1,0,1,-0.003938279
5826,White,Male,-1.356078506,0,0,0,-0.003969744
7362,African-American,Female,1.251397967,1,1,0,6.34E-05
2027,African-American,Male,-0.034368813,1,0,1,-0.00192553
442,White,Male,-0.623277724,1,0,1,-0.002836509
7482,African-American,Male,-0.070890874,1,0,1,-0.001982029
1145,African-American,Male,0.135949269,1,0,1,-0.001662048
2740,African-American,Male,0.069159463,1,0,1,-0.001765372
4029,Hispanic,Male,-0.804371238,1,0,1,-0.003116604
537,African-American,Male,-0.607958198,0,0,0,-0.002812813
3333,White,Male,-0.855943441,1,0,1,-0.003196365
5272,White,Male,-1.158253551,0,0,0,-0.003663871
7328,African-American,Male,0.462399393,1,1,0,-0.00115703
4590,Hispanic,Male,-0.669466078,1,0,1,-0.002907949
9221,White,Male,0.763688207,1,1,0,-0.000690957
6368,African-American,Male,1.474185586,1,1,0,0.000407932
2098,White,Female,-1.750130296,0,0,0,-0.004578873
1375,Hispanic,Male,-0.752090216,0,0,0,-0.003035744
7469,African-American,Male,0.102299303,1,0,1,-0.001714105
10498,White,Female,-1.808920026,0,0,0,-0.004669731
10932,African-American,Male,-0.281954139,0,0,0,-0.002308535
3229,White,Male,-0.029697107,0,0,0,-0.001918303
598,African-American,Male,0.814102709,0,1,-1,-0.000612972
68,White,Male,-1.485905647,0,0,0,-0.004170456
9259,White,Male,0.496235847,1,1,0,-0.001104686
8663,Other,Male,-0.200104102,1,0,1,-0.002181918
5880,African-American,Male,-0.722350717,0,0,0,-0.002989746
3347,African-American,Female,-0.483342469,1,0,1,-0.002620058
4826,Hispanic,Male,0.122503854,1,0,1,-0.001682848
7581,African-American,Male,-0.905469954,1,0,1,-0.003272961
5183,African-American,Male,-0.068215914,0,0,0,-0.001977891
7259,White,Male,0.331242114,0,1,-1,-0.001359929
6862,African-American,Male,0.042661592,0,0,0,-0.001806365
997,African-American,Female,-0.347903728,1,0,1,-0.002410552
7796,African-American,Male,0.429453522,1,1,0,-0.001207997
633,White,Female,-1.750838757,0,0,0,-0.004579967
4940,African-American,Male,1.300748467,1,1,0,0.000139723
6274,Hispanic,Male,1.952530026,1,1,0,0.00114749
9494,White,Male,0.216978252,0,0,0,-0.001536696
3208,African-American,Female,-1.208076596,0,0,0,-0.00374091
10805,White,Male,1.029521704,0,1,-1,-0.000279764
9648,White,Male,-0.59794116,0,0,0,-0.002797319
5321,White,Female,0.220643222,1,0,1,-0.001531026
1884,Other,Male,-0.306150526,0,0,0,-0.002345964
6199,White,Male,1.209557056,1,1,0,-1.31E-06
6006,African-American,Female,-0.277702659,0,0,0,-0.002301958
1710,White,Male,-0.951341271,0,0,0,-0.003343902
7517,African-American,Female,-1.473543167,0,0,0,-0.004151344
3862,White,Male,-1.008852839,0,0,0,-0.003432842
9306,African-American,Male,0.066319555,1,0,1,-0.001769766
511,Other,Male,-0.789515018,0,0,0,-0.003093627
8299,African-American,Male,-0.15782252,0,0,0,-0.00211651
6001,African-American,Male,1.475693583,1,1,0,0.000410264
8856,Other,Male,-0.192683041,0,0,0,-0.002170438
5163,Hispanic,Male,0.951511025,1,1,0,-0.000400427
10073,African-American,Male,-0.671253443,0,0,0,-0.002910714
10427,White,Male,-1.209242105,0,0,0,-0.003742712
7210,African-American,Male,0.353849471,0,1,-1,-0.001324956
1367,African-American,Male,-0.933470666,1,0,1,-0.003316265
264,Hispanic,Male,1.038626313,1,1,0,-0.000265681
6378,African-American,Male,1.332143903,1,1,0,0.000188276
7370,African-American,Male,0.190809295,0,0,0,-0.001577179
3316,White,Female,0.275054306,1,1,0,-0.001446852
4387,African-American,Male,0.90214324,1,1,0,-0.000476788
9473,African-American,Male,1.299897909,0,1,-1,0.000138407
7214,African-American,Female,-0.310412973,1,0,1,-0.002352558
4761,Hispanic,Male,-0.638251305,1,0,1,-0.002859669
6159,African-American,Male,1.854770541,0,1,-1,0.00099637
1130,White,Male,1.723633647,1,1,0,0.000793633
6763,White,Female,-1.207431197,0,0,0,-0.003739912
762,White,Male,-0.508901358,1,0,1,-0.002659593
4512,African-American,Male,0.450320393,1,1,0,-0.001175716
5914,African-American,Male,-0.380420834,0,0,0,-0.002460853
10111,African-American,Male,-0.666934848,0,0,0,-0.002904035
2667,White,Male,-0.004323877,0,0,0,-0.001879051
2496,Other,Male,0.769560575,0,1,-1,-0.000681873
10055,African-American,Male,0.868445635,0,1,-1,-0.000528913
6838,White,Female,-0.57784462,1,0,1,-0.002766234
6864,African-American,Male,1.192666769,1,1,0,-2.74E-05
1347,White,Female,-0.939130366,1,0,1,-0.003325018
7475,White,Male,-1.451982498,0,0,0,-0.004118013
8995,White,Male,0.33857134,0,1,-1,-0.001348591
10406,African-American,Male,0.081876531,0,0,0,-0.001745699
6244,Hispanic,Male,0.035908408,1,0,1,-0.001816812
895,Other,Male,-0.761130035,0,0,0,-0.003049725
7130,White,Male,-0.366264522,1,0,1,-0.002438955
2800,African-American,Male,0.307013482,0,1,-1,-0.001397411
1692,White,Male,-1.33681047,0,0,0,-0.003939954
7005,African-American,Male,0.357244104,0,1,-1,-0.001319704
2687,White,Male,-1.535473943,0,0,0,-0.004247081
1577,African-American,Male,-1.492208958,0,0,0,-0.0041802
5984,African-American,Male,-0.495168954,0,0,0,-0.002638352
4564,Other,Male,0.408322096,1,1,0,-0.001240687
6638,African-American,Male,-0.02626005,1,0,1,-0.001912986
5801,White,Male,-0.552105784,1,0,1,-0.002726422
9056,African-American,Male,0.03708864,1,0,1,-0.001814986
4873,African-American,Female,-0.078690059,1,0,1,-0.001994095
7009,African-American,Male,0.130777627,1,0,1,-0.001670049
2586,White,Male,-1.07044208,0,0,0,-0.003528084
835,African-American,Male,0.837147117,1,1,0,-0.000577326
8172,African-American,Male,-0.754585624,1,0,1,-0.003039603
7272,African-American,Male,0.642112255,0,1,-1,-0.000879023
10394,African-American,Male,-0.907354355,0,0,0,-0.003275875
4476,African-American,Male,1.267839193,1,1,0,8.88E-05
5383,African-American,Female,0.441678226,1,1,0,-0.001189085
770,White,Male,-1.425637841,0,0,0,-0.004077285
4685,African-American,Male,0.707965732,1,1,0,-0.000777153
6380,African-American,Male,0.375634819,0,1,-1,-0.001291254
6815,African-American,Male,0.87078768,0,1,-1,-0.00052529
10214,African-American,Male,1.113994479,0,1,-1,-0.00014911
3051,African-American,Male,-1.519377351,0,0,0,-0.004222199
4204,African-American,Male,-0.01840182,0,0,0,-0.001900829
5458,African-American,Male,-0.246087208,1,0,1,-0.002253051
2630,African-American,Male,0.598705292,0,1,-1,-0.00094617
5288,White,Male,-1.26155293,1,0,1,-0.003823596
8487,White,Male,0.460309148,0,1,-1,-0.001160264
4801,Other,Male,-0.542575479,0,0,0,-0.00271168
794,African-American,Male,0.130064845,1,0,1,-0.001671151
2780,White,Male,-1.59475863,0,0,0,-0.004338724
10131,African-American,Male,0.846675396,0,1,-1,-0.000562587
8511,White,Male,-0.247618139,0,0,0,-0.002255419
10054,African-American,Male,-0.689874411,0,0,0,-0.002939516
4900,Other,Female,-1.458319664,0,0,0,-0.00412781
9475,African-American,Male,-0.848035932,0,0,0,-0.003184136
5158,African-American,Male,-1.375494361,0,0,0,-0.003999762
9740,African-American,Male,0.844945312,1,1,0,-0.000565264
6356,Hispanic,Male,-0.782811999,1,0,1,-0.003083259
9436,African-American,Male,1.208019614,1,1,0,-3.69E-06
9070,White,Male,0.122593686,0,0,0,-0.001682709
5249,African-American,Male,-0.439657897,0,0,0,-0.002552485
7451,White,Male,-1.529043794,0,0,0,-0.004237141
7394,White,Male,-0.981848359,0,0,0,-0.00339108
10244,Other,Male,-0.86824286,1,0,1,-0.003215387
8560,White,Male,-1.171766996,0,0,0,-0.003684766
59,White,Male,-0.640729725,1,0,1,-0.002863503
8980,Hispanic,Male,-0.645403504,1,0,1,-0.002870732
5722,African-American,Male,-0.032820415,0,0,0,-0.001923135
789,African-American,Male,-0.573012292,0,0,0,-0.00275876
3761,African-American,Male,0.133321524,1,0,1,-0.001666113
7196,African-American,Male,-0.788505971,0,0,0,-0.003092066
5130,African-American,Male,-1.075026393,0,0,0,-0.003535173
7534,White,Male,-1.065078616,1,0,1,-0.00351979
8737,African-American,Female,0.379940033,0,1,-1,-0.001284593
157,White,Male,-0.488643974,0,0,0,-0.002628258
6303,Hispanic,Female,-1.14486587,0,0,0,-0.003643169
4774,White,Male,-1.616535068,0,0,0,-0.004372384
5836,African-American,Male,-0.076482788,1,0,1,-0.00199068
3812,African-American,Male,-0.180341631,1,0,1,-0.002151346
288,White,Male,-0.643534899,1,0,1,-0.002867841
9547,White,Male,-0.265655607,0,0,0,-0.002283322
2456,White,Male,0.538670897,0,1,-1,-0.001039041
1186,White,Male,-0.09358716,1,0,1,-0.00201714
1142,African-American,Female,-0.881678402,0,0,0,-0.003236166
7669,African-American,Male,-1.173501134,0,0,0,-0.003687447
541,African-American,Female,0.136377424,0,0,0,-0.001661386
3498,African-American,Male,0.18775183,1,0,1,-0.001581909
3038,White,Female,-1.084905863,0,0,0,-0.00355045
10971,White,Male,-1.291769624,0,0,0,-0.003870316
115,African-American,Female,-0.752507269,1,0,1,-0.003036389
327,White,Male,-1.354868293,0,0,0,-0.003967873
10017,Other,Male,-0.005850143,1,0,1,-0.001881412
6762,White,Male,-0.222010761,1,0,1,-0.002215806
10721,White,Male,-0.830006361,0,0,0,-0.003156251
10361,White,Female,0.287469745,0,1,-1,-0.001427645
628,White,Male,-0.751933396,1,0,1,-0.003035501
2127,African-American,Male,1.456588387,1,1,0,0.00038072
5873,African-American,Male,1.456984639,1,1,0,0.000381334
8805,African-American,Female,-1.517326474,0,0,0,-0.004219029
4504,African-American,Male,0.848663211,1,1,0,-0.000559513
4720,White,Female,0.202143371,0,0,0,-0.001559645
2771,White,Male,-0.828898489,0,0,0,-0.003154538
6118,White,Female,-0.545368016,0,0,0,-0.002716
526,White,Female,-0.306410939,0,0,0,-0.002346367
8870,Other,Male,-0.351531148,0,0,0,-0.002416164
6627,Hispanic,Male,-1.067459464,0,0,0,-0.003523472
9079,Hispanic,Male,-0.085011542,1,0,1,-0.002003874
4637,African-American,Male,-0.922844231,1,0,1,-0.00329983
6451,African-American,Male,0.400545299,1,1,0,-0.001252717
10653,African-American,Male,-1.443432927,0,0,0,-0.004104795
4683,Hispanic,Male,-0.987499475,0,0,0,-0.003399819
8115,Other,Male,-0.971685648,0,0,0,-0.003375364
6986,Hispanic,Male,-0.298238605,0,0,0,-0.002333725
10769,White,Male,-1.306257844,0,0,0,-0.003892716
722,White,Male,-0.679330468,0,0,0,-0.002923207
6180,African-American,Male,-0.11774639,1,0,1,-0.002054514
1639,Hispanic,Male,-0.675097644,0,0,0,-0.00291666
9147,Other,Male,0.545689344,1,1,0,-0.001028183
3711,White,Male,-0.762132645,1,0,1,-0.003051276
8143,Other,Male,-1.23466599,0,0,0,-0.003782023
5282,White,Male,0.458479792,1,1,0,-0.001163094
6836,White,Male,-0.238839746,1,0,1,-0.00224184
7991,African-American,Male,0.403404742,0,1,-1,-0.001248294
1158,White,Male,0.302413553,1,1,0,-0.001404527
1990,African-American,Male,-0.849645376,1,0,1,-0.003186624
5406,Hispanic,Male,-0.463994771,0,0,0,-0.00259013
10411,African-American,Male,1.185459256,0,1,-1,-3.86E-05
2595,Hispanic,Female,-1.767442346,0,0,0,-0.004605629
4244,White,Male,-0.912477136,1,0,1,-0.003283798
3635,African-American,Female,-0.389177889,0,0,0,-0.002474399
9864,African-American,Male,-0.806347728,1,0,1,-0.003119661
6021,White,Male,-0.154068232,1,0,1,-0.002110702
3763,African-American,Male,2.013724566,1,1,0,0.001242081
9441,African-American,Male,0.85164088,1,1,0,-0.000554907
294,African-American,Male,-0.778775334,0,0,0,-0.003077016
8259,African-American,Male,-1.548794031,0,0,0,-0.004267672
4270,African-American,Male,-0.139902085,0,0,0,-0.002088788
2908,African-American,Male,-0.050054815,0,0,0,-0.001949796
496,White,Female,-0.573175073,1,0,1,-0.002759012
8283,White,Female,-0.133443996,1,0,1,-0.002078797
2294,White,Male,-0.326434135,0,0,0,-0.002377341
2634,White,Male,0.655776024,1,1,0,-0.000857886
7843,White,Male,-1.017512083,0,0,0,-0.003446233
5114,White,Male,1.939160228,1,1,0,0.001126824
10980,African-American,Male,-0.591754198,0,0,0,-0.002787749
8533,African-American,Male,-0.169006795,0,0,0,-0.002133812
9269,African-American,Female,-1.061804414,0,0,0,-0.003514727
6332,African-American,Male,-0.976345778,1,0,1,-0.003382571
3562,African-American,Male,-1.52775085,0,0,0,-0.004235143
6834,Hispanic,Male,-0.996492743,0,0,0,-0.003413727
7070,African-American,Male,0.413886696,0,1,-1,-0.001232078
4554,African-American,Male,0.576045454,0,1,-1,-0.000981224
5483,White,Male,-0.53924346,0,0,0,-0.002706527
3525,White,Male,-0.949886382,0,0,0,-0.003341652
1059,African-American,Male,0.197314695,0,0,0,-0.001567115
2363,White,Male,-0.713427544,0,0,0,-0.002975945
1171,Hispanic,Male,-0.84973532,0,0,0,-0.003186764
990,White,Female,-0.848270953,0,0,0,-0.003184499
4670,White,Female,-0.916000485,0,0,0,-0.003289246
9172,African-American,Male,0.446482956,0,1,-1,-0.001181652
6586,White,Female,-0.617144108,1,0,1,-0.002827022
1928,Hispanic,Male,0.979578137,0,1,-1,-0.000357014
5084,African-American,Female,-0.787000299,0,0,0,-0.003089737
4385,African-American,Male,-0.308783025,1,0,1,-0.002350037
5180,Other,Female,-1.164599061,0,0,0,-0.003673682
3636,African-American,Female,-0.463340342,0,0,0,-0.002589118
5943,Other,Male,-0.877231002,0,0,0,-0.003229288
1212,African-American,Female,-0.379853666,1,0,1,-0.002459976
1513,African-American,Male,0.222764626,1,0,1,-0.001527744
9008,Other,Male,-1.309377551,0,0,0,-0.00389754
6818,White,Female,-1.274725556,1,0,1,-0.003843963
1324,White,Male,-1.007931709,0,0,0,-0.003431417
8945,African-American,Male,0.443296045,0,1,-1,-0.001186583
2689,African-American,Female,-1.002734303,0,0,0,-0.00342338
15,African-American,Male,0.394715816,1,1,0,-0.001261735
7327,African-American,Male,-1.113124728,0,0,0,-0.003594087
4256,African-American,Male,0.267003626,1,1,0,-0.001459306
8437,African-American,Male,-0.486011595,0,0,0,-0.002624187
662,White,Female,-0.447375953,0,0,0,-0.002564423
3143,White,Male,0.881934583,1,1,0,-0.000508048
2625,Hispanic,Male,-1.10303247,0,0,0,-0.00357848
8138,African-American,Male,-1.439238787,0,0,0,-0.004098312
7356,Other,Male,0.251752973,1,1,0,-0.001482899
3982,African-American,Male,-1.248578668,0,0,0,-0.003803535
7821,White,Male,0.396146923,0,1,-1,-0.001259522
4450,African-American,Male,-0.323186606,0,0,0,-0.002372317
10956,White,Female,-1.746191859,0,0,0,-0.004572786
7968,African-American,Male,1.071913362,1,1,0,-0.000214196
4922,Hispanic,Male,-0.913487673,0,0,0,-0.00328536
7676,White,Male,-0.83378458,1,0,1,-0.003162095
6809,African-American,Male,-0.088237986,0,0,0,-0.002008865
2280,African-American,Male,0.450837106,1,1,0,-0.001174917
4247,African-American,Male,0.168281794,0,0,0,-0.00161203
10837,African-American,Male,0.827107668,0,1,-1,-0.000592856
6135,African-American,Male,0.526328802,1,1,0,-0.001058133
7975,White,Male,1.564621568,1,1,0,0.000547774
2233,White,Male,0.768492639,1,1,0,-0.000683525
1455,African-American,Male,-1.58355701,0,0,0,-0.004321409
6705,White,Female,-0.120783277,0,0,0,-0.002059212
1123,African-American,Male,0.825864017,0,1,-1,-0.000594779
3236,African-American,Male,1.613618016,1,1,0,0.000623534
10326,African-American,Male,1.575741649,1,1,0,0.000564968
4884,White,Male,-0.975426674,0,0,0,-0.003381149
8617,African-American,Male,0.036740139,0,0,0,-0.001815525
9656,African-American,Male,-0.181156471,1,0,1,-0.002152607
7605,African-American,Male,-1.337780476,1,0,1,-0.003941454
1755,African-American,Female,-0.131048784,0,0,0,-0.002075092
2576,White,Male,0.10436713,1,0,1,-0.001710906
3043,African-American,Male,0.231734067,0,0,0,-0.001513868
2133,Other,Male,0.348246545,1,1,0,-0.001333623
9905,White,Male,0.284037918,1,1,0,-0.001432954
9662,White,Male,-0.867403626,0,0,0,-0.003214089
1943,African-American,Male,-0.400693655,1,0,1,-0.002492212
7953,Hispanic,Male,-0.625488579,0,0,0,-0.002839928
7276,White,Male,-1.353632212,0,0,0,-0.003965962
7620,African-American,Male,-1.086199403,0,0,0,-0.003552451
5719,African-American,Male,0.357387573,0,1,-1,-0.001319482
5957,Other,Male,1.008522272,1,1,0,-0.000312244
356,Hispanic,Male,-0.052527204,0,0,0,-0.001953621
8016,African-American,Male,0.523468137,1,1,0,-0.001062559
567,White,Female,-1.757836699,0,0,0,-0.004590784
1152,Other,Female,0.421789765,0,1,-1,-0.001219852
1683,African-American,Female,-0.021100335,1,0,1,-0.001905004
6793,White,Female,-0.887855291,0,0,0,-0.003245719
5958,African-American,Male,0.477887124,1,1,0,-0.001133071
8871,African-American,Male,-0.050609883,1,0,1,-0.001950655
2261,African-American,Female,-1.736545205,0,0,0,-0.004557877
148,White,Female,-1.850524306,0,0,0,-0.004734027
522,White,Male,-1.137090564,0,0,0,-0.003631146
8209,Other,Male,1.178816676,0,1,-1,-4.89E-05
7656,Hispanic,Male,-0.613799512,0,0,0,-0.002821848
4643,African-American,Male,1.456670165,1,1,0,0.000380847
1163,African-American,Male,0.477681726,0,1,-1,-0.001133389
2529,African-American,Male,-0.794366419,1,0,1,-0.00310113
3985,Hispanic,Male,1.435879469,1,1,0,0.000348697
5687,White,Male,0.313902855,1,1,0,-0.001386753
8403,African-American,Male,-0.038292143,1,0,1,-0.0019316
2733,Other,Male,-1.527873397,0,0,0,-0.004235332
7922,African-American,Male,0.576891303,0,1,-1,-0.000979915
3909,White,Male,1.445512414,1,1,0,0.000363593
960,White,Male,0.418540269,1,1,0,-0.001224879
10921,African-American,Male,-0.459572703,0,0,0,-0.00258329
6955,African-American,Male,0.898825228,1,1,0,-0.000481921
7660,African-American,Male,-0.469749957,0,0,0,-0.002599033
4105,White,Male,0.999765277,1,1,0,-0.000325789
3375,Hispanic,Male,0.328156382,1,1,0,-0.001364703
2724,White,Male,-1.08679688,1,0,1,-0.003553375
2870,African-American,Male,0.494904131,1,1,0,-0.001106746
6888,African-American,Female,-0.596740007,0,0,0,-0.002795461
113,African-American,Male,-0.297602564,1,0,1,-0.002332741
9550,African-American,Male,1.198574185,1,1,0,-1.83E-05
10423,White,Male,-0.462620825,1,0,1,-0.002588005
1615,White,Female,-1.467959523,0,0,0,-0.004142712
7252,African-American,Female,0.517864168,1,1,0,-0.001071228
7526,White,Male,-0.264128357,1,0,1,-0.002280959
9354,White,Male,-0.035501163,0,0,0,-0.001927282
10552,White,Female,-1.687125087,0,0,0,-0.004481493
4471,White,Male,-0.912041187,0,0,0,-0.003283123
1643,White,Male,-0.390375942,0,0,0,-0.002476252
5364,White,Female,-0.578469098,0,0,0,-0.0027672
2611,African-American,Female,-1.111267447,0,0,0,-0.003591215
4305,Hispanic,Male,-1.145163655,0,0,0,-0.003643629
6401,White,Male,-1.38888371,0,0,0,-0.004020463
1803,White,Male,-0.537039101,0,0,0,-0.002703117
3159,White,Male,-1.017696857,0,0,0,-0.003446518
9398,African-American,Male,-0.150096551,1,0,1,-0.002104559
925,White,Male,-0.948075056,0,0,0,-0.00333885
3992,Hispanic,Male,0.434388667,1,1,0,-0.001200362
5315,Hispanic,Male,-1.129392743,0,0,0,-0.003619243
7932,African-American,Male,-0.751536608,0,0,0,-0.003034887
8831,Hispanic,Male,-1.433970571,0,0,0,-0.004090167
6661,White,Male,-0.461142927,0,0,0,-0.002585719
10185,African-American,Male,-0.700958729,0,0,0,-0.00295666
7551,African-American,Male,-0.453126818,1,0,1,-0.002573319
8610,White,Male,-1.093740463,0,0,0,-0.003564112
454,African-American,Male,0.482693821,1,1,0,-0.001125635
5226,African-American,Male,2.575708389,0,1,-1,0.002110482
6808,Other,Male,-0.963654041,0,0,0,-0.003362943
71,White,Male,-0.736753702,1,0,1,-0.003012023
9845,African-American,Male,-1.339280128,0,0,0,-0.003943773
8969,African-American,Male,0.158538967,1,0,1,-0.001627102
563,White,Female,-1.715347886,1,0,1,-0.004525115
9934,African-American,Male,0.288956493,1,1,0,-0.001425345
2588,Hispanic,Male,-0.411062479,0,0,0,-0.002508252
1424,White,Male,-0.416376442,1,0,1,-0.002516472
4372,African-American,Male,-0.009657489,1,0,1,-0.001887302
7577,Hispanic,Female,-0.885198951,0,0,0,-0.003241611
1917,White,Male,-1.106997371,0,0,0,-0.003584612
10990,White,Male,1.266603351,1,1,0,8.69E-05
3504,African-American,Male,-0.21780096,0,0,0,-0.002209294
5117,African-American,Male,0.865327954,1,1,0,-0.000533735
5869,White,Male,0.146456361,0,0,0,-0.001645794
9165,African-American,Male,0.480765373,0,1,-1,-0.001128618
3286,Other,Male,-0.778738379,1,0,1,-0.003076959
2415,Hispanic,Male,-1.397868872,0,0,0,-0.004034354
6442,African-American,Male,0.087969057,1,0,1,-0.001736274
6150,White,Male,-0.815836728,0,0,0,-0.003134336
4748,African-American,Female,-1.016836166,0,0,0,-0.003445187
7236,Hispanic,Male,-1.728334069,0,0,0,-0.004545186
4039,Hispanic,Male,-0.437714905,0,0,0,-0.002549479
10292,African-American,Male,0.582151771,0,1,-1,-0.000971778
5808,African-American,Male,0.601362109,1,1,0,-0.00094206
5390,African-American,Male,0.690938652,1,1,0,-0.000803492
3223,White,Male,0.834255576,1,1,0,-0.000581799
8298,White,Male,-0.728340626,0,0,0,-0.002999011
3248,White,Male,-0.803863704,1,0,1,-0.003115818
1332,Other,Male,-0.315820277,1,0,1,-0.002360923
396,African-American,Male,0.474917799,0,1,-1,-0.001137665
10317,African-American,Male,-1.573752522,0,0,0,-0.004306254
7,Other,Male,-1.258678079,0,0,0,-0.00381915
7226,White,Male,-0.021711418,1,0,1,-0.001905949
9795,Hispanic,Male,-0.354462862,0,0,0,-0.002420699
100,African-American,Female,-1.914149404,0,0,0,-0.004832348
2514,African-American,Male,2.173008919,1,1,0,0.001488265
10976,White,Female,-1.025537848,1,0,1,-0.003458644
9054,African-American,Male,0.742321372,1,1,0,-0.000724009
10189,African-American,Male,1.313916922,1,1,0,0.000160088
4694,White,Male,-0.479055852,0,0,0,-0.002613428
72,Other,Female,-1.165547729,0,0,0,-0.003675149
1791,African-American,Male,1.042603612,1,1,0,-0.00025953
1541,African-American,Male,0.463884264,0,1,-1,-0.001154733
6379,White,Male,0.317832202,0,1,-1,-0.001380674
5352,African-American,Male,-0.52776742,1,0,1,-0.002688775
1866,Hispanic,Male,-0.909040332,0,0,0,-0.003278483
2914,African-American,Male,0.449857742,0,1,-1,-0.001176432
5005,Hispanic,Male,1.5591923,1,1,0,0.000539378
10333,Other,Male,-0.952006221,0,0,0,-0.00334493
10621,Other,Male,1.16906178,1,1,0,-6.39E-05
8729,White,Male,0.172970831,0,0,0,-0.001604776
2649,White,Male,-1.633346915,0,0,0,-0.004398371
8461,Hispanic,Male,-0.34118408,1,0,1,-0.002400158
5948,White,Male,-1.503935933,0,0,0,-0.004198328
9523,African-American,Male,-0.048301779,1,0,1,-0.001947084
8409,Hispanic,Male,0.684161007,1,1,0,-0.000813977
10945,African-American,Male,0.608209729,1,1,0,-0.000931468
5750,African-American,Male,0.42734167,1,1,0,-0.001211264
1764,White,Female,-0.800340772,0,0,0,-0.00311037
5079,White,Male,-0.412609905,0,0,0,-0.002510645
2915,White,Male,-0.395993143,1,0,1,-0.002484941
5508,African-American,Male,-0.371854991,0,0,0,-0.002447603
5670,White,Male,0.843807936,1,1,0,-0.000567023
1691,White,Male,0.945066988,0,1,-1,-0.000410394
3961,Hispanic,Male,-1.183477521,0,0,0,-0.003702874
7993,White,Female,-0.297626644,1,0,1,-0.002332779
2497,Other,Male,-1.336434245,0,0,0,-0.003939372
8765,African-American,Male,0.460070044,1,1,0,-0.001160634
2211,African-American,Male,0.7796911,1,1,0,-0.000666202
4802,White,Male,-0.22366634,0,0,0,-0.002218368
6646,African-American,Male,0.101709262,1,0,1,-0.001715018
5043,White,Male,0.660265863,1,1,0,-0.00085094
932,Hispanic,Male,-1.186593771,0,0,0,-0.003707692
8884,White,Male,-1.051766038,0,0,0,-0.003499203
1041,African-American,Female,-1.092251062,0,0,0,-0.003561809
10482,Hispanic,Male,-1.017235875,1,0,1,-0.003445805
5482,Other,Male,0.248762757,1,0,1,-0.001487525
4265,African-American,Male,0.336588472,0,1,-1,-0.001351658
8153,White,Male,-1.556494236,0,0,0,-0.004279575
409,African-American,Male,0.563414097,0,1,-1,-0.001000764
5806,White,Male,-0.804988623,1,0,1,-0.003117559
6667,African-American,Female,-0.434282631,0,0,0,-0.00254417
4391,African-American,Male,-0.511355281,0,0,0,-0.002663389
4141,African-American,Male,0.223068982,0,0,0,-0.001527273
8716,African-American,Male,-0.937515795,0,0,0,-0.00332252
2512,African-American,Male,1.832446337,1,1,0,0.000961858
532,White,Male,-0.167624325,0,0,0,-0.002131673
2350,African-American,Male,1.140946507,1,1,0,-0.000107424
8009,African-American,Male,1.463778019,1,1,0,0.000391838
1742,Other,Male,-0.109542429,1,0,1,-0.002041822
9717,White,Female,-1.756903768,0,0,0,-0.004589342
4618,African-American,Male,0.299260765,0,1,-1,-0.001409404
2794,White,Male,-0.168619841,1,0,1,-0.002133213
8448,African-American,Male,-0.197501823,0,0,0,-0.002177892
5388,White,Male,0.804380178,1,1,0,-0.000628012
9226,White,Male,-0.679650843,1,0,1,-0.002923703
8797,African-American,Male,-0.310943782,0,0,0,-0.002353379
5465,African-American,Female,0.465342999,1,1,0,-0.001152476
9378,White,Female,0.387270272,1,1,0,-0.001273254
6828,White,Male,-0.501723647,0,0,0,-0.00264849
8365,African-American,Male,-0.295648992,0,0,0,-0.002329719
1448,White,Male,-0.354181349,0,0,0,-0.002420263
9855,White,Male,-1.006432414,0,0,0,-0.003429098
7553,Other,Female,-0.266202122,0,0,0,-0.002284168
6717,White,Female,-0.257478923,0,0,0,-0.002270673
3130,African-American,Male,1.447047353,0,1,-1,0.000365966
5761,White,Male,-0.713481188,0,0,0,-0.002976028
6577,White,Male,-0.764464557,0,0,0,-0.003054882
3716,African-American,Male,-0.174211174,0,0,0,-0.002141863
5736,White,Female,-1.666803479,0,0,0,-0.004450084
7499,White,Male,-1.066872358,0,0,0,-0.003522564
88,African-American,Male,0.165698439,1,0,1,-0.001616026
1329,White,Male,0.554063916,1,1,0,-0.001015228
3238,African-American,Male,1.501823783,1,1,0,0.00045067
8569,White,Male,-1.188135505,1,0,1,-0.003710076
8217,Hispanic,Male,0.028195493,0,0,0,-0.001828744
451,African-American,Male,0.767159939,1,1,0,-0.000685586
6032,African-American,Male,0.507728696,0,1,-1,-0.001086907
1349,Hispanic,Male,-1.269578457,0,0,0,-0.003836005
1262,White,Male,-1.239263535,0,0,0,-0.003789132
5681,African-American,Male,0.572730303,1,1,0,-0.000986352
6837,White,Male,-1.174036384,1,0,1,-0.003688275
4330,African-American,Male,-0.266293228,1,0,1,-0.002284308
5545,White,Male,0.600237966,1,1,0,-0.000943799
5551,African-American,Male,0.806287169,0,1,-1,-0.000625062
1196,White,Male,-1.025671124,0,0,0,-0.00345885
6189,White,Female,-1.442245603,0,0,0,-0.00410296
2873,White,Male,1.633841753,1,1,0,0.000654803
7913,African-American,Male,0.624321938,0,1,-1,-0.000906543
4612,White,Male,0.480188906,1,1,0,-0.00112951
9272,White,Female,-1.743018627,0,0,0,-0.004567881
10158,African-American,Male,0.63397938,1,1,0,-0.000891604
8962,White,Male,-0.570284426,0,0,0,-0.00275454
7794,White,Female,-0.773903728,0,0,0,-0.003069481
5915,White,Male,0.726507843,1,1,0,-0.00074847
7127,Other,Male,0.232967645,0,0,0,-0.00151196
2439,African-American,Female,-1.077370286,0,0,0,-0.003538798
4753,Hispanic,Male,-1.054409623,0,0,0,-0.003503291
3087,African-American,Male,0.198490947,1,0,1,-0.001565296
378,African-American,Male,-0.555976868,1,0,1,-0.00273241
7140,African-American,Female,-0.698194385,1,0,1,-0.002952384
5122,African-American,Male,0.974250674,1,1,0,-0.000365254
8163,African-American,Male,0.011443669,1,0,1,-0.001854659
3408,White,Female,-0.64314115,1,0,1,-0.002867232
10526,White,Male,0.286454141,0,1,-1,-0.001429216
9973,African-American,Male,0.901858449,1,1,0,-0.000477229
6106,African-American,Male,0.63153851,0,1,-1,-0.00089538
1215,Hispanic,Male,-1.981866717,0,0,0,-0.004936985
3392,White,Male,-1.434752464,0,0,0,-0.004091376
6564,White,Male,-0.647214174,0,0,0,-0.002873532
4971,African-American,Male,0.548978329,1,1,0,-0.001023095
5208,African-American,Male,-0.04979708,1,0,1,-0.001949398
7898,African-American,Male,-0.493821234,0,0,0,-0.002636267
8708,African-American,Male,1.296414018,0,1,-1,0.000133019
4233,African-American,Male,-0.980418444,0,0,0,-0.003388869
2534,White,Male,-1.374931931,1,0,1,-0.003998893
7382,African-American,Male,0.619144261,1,1,0,-0.000914553
805,White,Male,0.009990293,1,0,1,-0.001856907
2009,African-American,Male,-0.157110438,1,0,1,-0.002115408
2398,White,Female,-1.783416033,0,0,0,-0.004630316
10807,White,Male,0.875337005,1,1,0,-0.000518253
2579,African-American,Female,-1.469679236,0,0,0,-0.00414537
4338,African-American,Male,-0.907088161,0,0,0,-0.003275463
4333,Other,Male,-0.708482563,1,0,1,-0.002968297
10617,White,Male,-0.921285152,1,0,1,-0.003297419
587,African-American,Male,-1.600262761,0,0,0,-0.004347232
4970,African-American,Male,-0.766238928,0,0,0,-0.003057627
465,White,Female,-1.387600303,0,0,0,-0.004018479
2035,African-American,Male,-0.440005243,1,0,1,-0.002553022
8197,White,Male,-1.006712675,1,0,1,-0.003429532
4961,Other,Male,-0.357966453,1,0,1,-0.002426119
1372,White,Male,-0.541001081,0,0,0,-0.002709245
1882,African-American,Male,1.251563907,1,1,0,6.37E-05
8563,Hispanic,Male,-0.615924299,0,0,0,-0.002825135
4828,White,Male,0.196361005,0,0,0,-0.001568591
3166,White,Male,-0.456124872,1,0,1,-0.002577957
8845,Other,Male,-0.023721384,0,0,0,-0.001909059
9367,African-American,Female,0.772204459,1,1,0,-0.000677783
6043,White,Male,-0.821448922,0,0,0,-0.003143016
603,African-American,Male,-0.216979295,0,0,0,-0.002208023
2561,White,Female,0.392373651,1,1,0,-0.001265359
1125,African-American,Male,0.841786146,1,1,0,-0.00057015
375,White,Male,-0.459369302,0,0,0,-0.002582975
7188,African-American,Male,-0.238851488,0,0,0,-0.002241858
9810,African-American,Male,1.117582679,0,1,-1,-0.00014356
10581,African-American,Male,0.010695918,1,0,1,-0.001855815
3265,White,Female,-1.724137187,0,0,0,-0.0045387
1594,African-American,Female,-0.440025657,0,0,0,-0.002553054
5861,White,Female,0.018688189,1,0,1,-0.001843452
10130,African-American,Female,-1.59805119,0,0,0,-0.004343813
3773,Hispanic,Male,0.326294273,0,1,-1,-0.001367583
6528,African-American,Male,0.34824127,1,1,0,-0.001333631
7443,African-American,Female,-1.034433246,0,0,0,-0.0034724
9699,Other,Male,-0.821063519,0,0,0,-0.00314242
9420,African-American,Male,-0.341528833,0,0,0,-0.002400691
1235,African-American,Male,1.324168086,1,1,0,0.000175941
2819,African-American,Male,0.777596593,1,1,0,-0.000669442
2753,African-American,Male,0.870143771,1,1,0,-0.000526286
5647,African-American,Female,-1.517953396,1,0,1,-0.004219998
10554,African-American,Male,0.445524752,1,1,0,-0.001183135
461,Hispanic,Male,-0.42093125,0,0,0,-0.002523517
10142,African-American,Male,0.540187538,0,1,-1,-0.001036694
4122,White,Female,-0.3791686,0,0,0,-0.002458916
8618,Hispanic,Female,-1.08930552,0,0,0,-0.003557254
7153,African-American,Male,-0.096114889,0,0,0,-0.00202105
6855,White,Male,-0.673009872,1,0,1,-0.002913431
6096,African-American,Male,0.776439309,1,1,0,-0.000671232
10123,White,Male,1.206524372,1,1,0,-6.00E-06
530,White,Male,0.381523639,0,1,-1,-0.001282144
649,White,Male,-0.681728423,0,0,0,-0.002926916
5620,African-American,Male,1.392225742,1,1,0,0.00028119
540,White,Female,-1.928180218,0,0,0,-0.004854029
2151,White,Male,-0.168447256,1,0,1,-0.002132946
9296,African-American,Female,0.492340744,1,1,0,-0.001110712
4682,White,Male,-0.635291219,0,0,0,-0.00285509
2938,African-American,Male,-0.887271762,0,0,0,-0.003244816
8453,Hispanic,Male,-0.477040917,1,0,1,-0.00261031
6330,White,Female,-0.348726124,0,0,0,-0.002411825
8827,Hispanic,Male,-0.01932694,0,0,0,-0.001902261
8423,African-American,Male,-0.751163423,0,0,0,-0.00303431
10354,African-American,Female,-0.171002924,0,0,0,-0.0021369
10363,African-American,Male,0.97006911,1,1,0,-0.000371722
521,Hispanic,Female,-1.02312386,1,0,1,-0.003454911
5473,African-American,Male,-0.488379836,0,0,0,-0.00262785
1084,African-American,Male,-1.452554345,0,0,0,-0.004118897
7631,White,Male,0.088545665,1,0,1,-0.001735382
10643,African-American,Male,0.911247075,0,1,-1,-0.000462707
7681,Other,Male,-1.386366963,0,0,0,-0.004016572
9707,Other,Female,0.234300032,1,0,1,-0.001509899
4595,African-American,Male,0.54164046,1,1,0,-0.001034447
3687,African-American,Male,-0.208984017,1,0,1,-0.002195654
3969,African-American,Male,0.908852637,1,1,0,-0.00046641
9843,African-American,Male,1.217775226,1,1,0,1.14E-05
9965,White,Male,0.109314933,0,0,0,-0.001703252
3511,White,Male,-0.308089703,0,0,0,-0.002348964
4732,African-American,Male,0.001894607,0,0,0,-0.001869431
5301,African-American,Male,-0.087513991,1,0,1,-0.002007745
8472,African-American,Male,1.268312454,1,1,0,8.96E-05
2696,African-American,Male,-0.380431145,0,0,0,-0.002460869
223,African-American,Male,0.776425362,1,1,0,-0.000671254
3037,Hispanic,Male,0.075911209,0,0,0,-0.001754927
6492,White,Male,-0.660898209,0,0,0,-0.002894698
8392,Hispanic,Male,0.273764223,1,1,0,-0.001448847
99,Other,Male,-1.074817538,0,0,0,-0.00353485
2065,White,Male,-0.702066302,0,0,0,-0.002958373
8479,African-American,Male,-0.492964953,1,0,1,-0.002634942
1464,Hispanic,Female,-0.098902315,1,0,1,-0.002025363
4491,African-American,Male,-0.29933852,1,0,1,-0.002335427
10851,African-American,Female,-0.709239125,1,0,1,-0.002969467
10217,African-American,Male,1.094468713,1,1,0,-0.00017931
9780,African-American,Female,0.699257255,1,1,0,-0.000790624
5524,African-American,Male,0.032336541,0,0,0,-0.001822338
9566,White,Male,0.679555833,1,1,0,-0.0008211
3706,African-American,Female,-1.416757226,0,0,0,-0.004063556
7342,White,Male,-1.110310435,1,0,1,-0.003589735
9307,African-American,Male,1.779651642,1,1,0,0.000880239
5223,African-American,Female,-0.321864337,1,0,1,-0.002370272
1575,African-American,Male,-0.374157697,1,0,1,-0.002451165
10667,African-American,Female,-0.725205243,0,0,0,-0.002994162
8309,African-American,Male,0.358373374,0,1,-1,-0.001317957
10690,African-American,Male,0.23108834,0,0,0,-0.001514867
6058,Other,Male,-0.992435813,1,0,1,-0.003407453
6538,White,Male,-1.037961125,0,0,0,-0.003477856
2006,African-American,Male,0.451791555,1,1,0,-0.00117344
5287,Other,Male,-0.81147933,0,0,0,-0.003127597
10084,White,Male,-0.169533134,0,0,0,-0.002134626
872,African-American,Male,1.266284585,0,1,-1,8.64E-05
9747,African-American,Male,-0.028888186,1,0,1,-0.001917052
8960,African-American,Male,-0.312538534,1,0,1,-0.002355846
9085,White,Male,0.07784833,0,0,0,-0.001751931
3804,African-American,Male,-0.87383461,0,0,0,-0.003224035
7875,African-American,Male,0.856893301,1,1,0,-0.000546782
7440,African-American,Male,0.292758882,0,1,-1,-0.001419463
3872,White,Male,-0.002043259,0,0,0,-0.001875523
7450,African-American,Male,1.535501838,1,1,0,0.000502747
469,African-American,Male,0.811101377,1,1,0,-0.000617615
362,African-American,Male,2.252833366,1,1,0,0.001611625
3144,African-American,Male,2.521761417,1,1,0,0.002027144
7058,African-American,Male,0.25217858,0,1,-1,-0.001482241
1446,White,Male,-0.904974639,0,0,0,-0.003272195
10380,Other,Female,-1.343442917,0,0,0,-0.003950208
3391,African-American,Female,0.549939752,1,1,0,-0.001021608
1198,White,Male,-0.479015112,0,0,0,-0.002613364
6034,White,Male,0.608047843,1,1,0,-0.000931718
3403,African-American,Male,-0.069791451,1,0,1,-0.001980328
901,African-American,Male,-0.835447788,0,0,0,-0.003164667
6496,White,Male,-0.463755995,0,0,0,-0.002589761
1984,African-American,Female,0.09574008,1,0,1,-0.001724252
5111,African-American,Male,-0.455828786,0,0,0,-0.002577499
861,White,Male,-0.188208833,1,0,1,-0.002163516
8641,White,Male,-1.717772722,0,0,0,-0.004528863
3867,African-American,Male,0.936373234,0,1,-1,-0.000423842
2282,African-American,Male,-0.531909645,0,0,0,-0.002695182
7194,African-American,Male,0.768081784,1,1,0,-0.00068416
83,Hispanic,Male,-0.02779709,0,0,0,-0.001915364
3941,White,Male,-0.742606044,0,0,0,-0.003021075
3919,Other,Male,-0.449301153,1,0,1,-0.002567402
4978,African-American,Male,-0.472560078,0,0,0,-0.00260338
3550,African-American,Male,0.688652158,1,1,0,-0.000807029
7312,White,Male,0.897698045,1,1,0,-0.000483665
9544,White,Male,0.773168564,1,1,0,-0.000676292
5162,White,Female,-1.147612691,0,0,0,-0.003647416
8639,African-American,Female,0.004817416,0,0,0,-0.001864909
2268,White,Female,0.265670747,0,1,-1,-0.001461368
4397,African-American,Male,-0.406205773,1,0,1,-0.002500739
1079,African-American,Male,-0.711248279,1,0,1,-0.002972574
9005,White,Female,-0.44117254,0,0,0,-0.002554828
6296,African-American,Male,-0.219457373,1,0,1,-0.002211856
4891,White,Female,-0.640844226,0,0,0,-0.002863679
5716,African-American,Male,-0.583549798,0,0,0,-0.002775059
10468,Other,Female,0.252464205,1,1,0,-0.001481799
10039,African-American,Male,1.684621215,1,1,0,0.000733316
3226,African-American,Male,0.551487207,0,1,-1,-0.001019214
5037,White,Female,0.490836889,0,1,-1,-0.001113038
5073,African-American,Male,-0.27952677,0,0,0,-0.00230478
10949,African-American,Male,0.860331655,1,1,0,-0.000541463
6830,White,Female,0.681749582,1,1,0,-0.000817707
1804,African-American,Male,-0.509463966,0,0,0,-0.002660463
10019,African-American,Male,0.309408277,1,1,0,-0.001393706
7205,White,Male,0.325879097,1,1,0,-0.001368226
407,African-American,Male,0.990768552,1,1,0,-0.000339705
1796,African-American,Male,-0.362448186,1,0,1,-0.002433051
2437,Other,Male,-0.489217848,0,0,0,-0.002629146
9284,White,Male,-0.907836914,0,0,0,-0.003276621
8117,White,Male,-0.004121069,1,0,1,-0.001878737
8906,White,Male,0.977088213,1,1,0,-0.000360865
9357,African-American,Male,0.087197885,0,0,0,-0.001737467
962,White,Male,0.893633187,0,1,-1,-0.000489952
995,African-American,Male,0.092771702,1,0,1,-0.001728844
1783,Hispanic,Male,-0.18093586,0,0,0,-0.002152266
10229,African-American,Male,-0.562197924,0,0,0,-0.002742032
8113,African-American,Male,1.088602066,1,1,0,-0.000188384
7612,White,Male,-1.380060554,1,0,1,-0.004006822
4755,African-American,Male,2.55025363,1,1,0,0.002071159
10854,Other,Male,-0.827576399,0,0,0,-0.003152493
9282,African-American,Female,0.0282009,0,0,0,-0.001828735
2568,African-American,Male,1.158816934,1,1,0,-7.98E-05
6405,White,Male,-1.593939662,0,0,0,-0.004337457
2654,African-American,Male,0.363044828,0,1,-1,-0.00131073
50,Other,Male,-0.50288105,1,0,1,-0.002650281
2154,Other,Male,0.192890882,0,0,0,-0.001573959
8256,African-American,Male,0.513650894,1,1,0,-0.001077745
5068,White,Male,0.077870682,0,0,0,-0.001751896
6428,White,Female,1.957666874,1,1,0,0.001155431
8354,White,Male,1.10372889,1,1,0,-0.000164987
414,Other,Female,-1.11003685,0,0,0,-0.003589312
225,African-American,Male,0.342461944,1,1,0,-0.001342572
4274,African-American,Male,0.658528805,1,1,0,-0.000853627
4640,African-American,Male,1.456252098,1,1,0,0.0003802
5430,African-American,Male,0.283345222,1,1,0,-0.001434026
9517,White,Female,-1.632154822,0,0,0,-0.004396528
9131,Other,Male,0.148591325,0,0,0,-0.001642491
6249,White,Male,-0.526792169,1,0,1,-0.002687267
9516,African-American,Male,-0.245142668,0,0,0,-0.00225159
9668,African-American,Female,-1.069062471,0,0,0,-0.003525951
1216,White,Male,0.088822439,0,0,0,-0.001734954
1097,White,Male,-0.83890295,0,0,0,-0.00317001
3146,Hispanic,Male,-0.800387204,1,0,1,-0.003110442
6571,African-American,Male,0.784885526,1,1,0,-0.000658167
8530,Hispanic,Male,-1.345807195,0,0,0,-0.003953864
5247,African-American,Male,0.247639775,1,0,1,-0.001489262
1729,African-American,Male,-0.938252807,1,0,1,-0.00332366
8022,African-American,Male,0.316967309,1,1,0,-0.001382012
10889,African-American,Male,-0.11338003,0,0,0,-0.002047759
512,African-American,Female,-0.330099106,0,0,0,-0.002383011
6231,African-American,Male,-0.730798125,0,0,0,-0.003002812
8290,African-American,Male,1.862463832,1,1,0,0.001008263
9501,Hispanic,Male,-1.329463005,0,0,0,-0.003928594
8997,African-American,Male,-1.408214092,0,0,0,-0.004050348
9264,Hispanic,Male,-1.472478867,0,0,0,-0.004149699
7738,White,Male,-0.58103174,0,0,0,-0.002771164
8701,African-American,Male,-0.787127316,1,0,1,-0.003089934
1360,African-American,Male,-0.809748292,1,0,1,-0.00312492
8512,African-American,Male,2.491571665,1,1,0,0.001980504
1107,White,Male,-0.142730728,1,0,1,-0.002093164
1707,African-American,Male,-0.586065471,0,0,0,-0.00277895
9919,African-American,Male,-0.417312294,0,0,0,-0.002517919
3778,White,Male,-0.66471839,1,0,1,-0.002900606
3305,White,Female,-1.356655717,0,0,0,-0.003970637
190,African-American,Male,2.047241688,1,1,0,0.001293887
153,African-American,Male,-0.805132389,0,0,0,-0.003117781
9397,Other,Male,-0.817196369,1,0,1,-0.003136439
9191,African-American,Male,0.049955375,1,0,1,-0.001795081
6167,African-American,Female,0.134951115,1,0,1,-0.001663592
924,White,Female,-1.911909223,0,0,0,-0.004828886
3531,White,Female,-0.851139188,0,0,0,-0.003188935
3162,White,Male,0.738186061,1,1,0,-0.000730405
9414,White,Male,-0.809701562,1,0,1,-0.003124848
10786,White,Female,-1.171806574,0,0,0,-0.003684828
475,White,Male,-1.588118792,0,0,0,-0.00432846
10823,Hispanic,Male,-1.13451755,1,0,1,-0.003627168
174,African-American,Male,-0.738160729,0,0,0,-0.003014199
1698,White,Female,-0.696702182,0,0,0,-0.002950076
5745,African-American,Male,-0.422137737,0,0,0,-0.002525384
3186,White,Female,-0.750012994,0,0,0,-0.003032531
4353,White,Male,-0.587342024,1,0,1,-0.002780925
6127,African-American,Male,-1.215315461,0,0,0,-0.003752103
8601,African-American,Male,0.595859885,1,1,0,-0.000950572
4888,African-American,Male,-1.03186965,0,0,0,-0.003468435
7348,African-American,Male,-0.924919307,0,0,0,-0.00330304
7199,African-American,Male,0.037878003,0,0,0,-0.001813765
612,African-American,Male,1.015742183,1,1,0,-0.000301077
2393,African-American,Male,-0.373570532,0,0,0,-0.002450256
5456,African-American,Male,2.00151062,1,1,0,0.001223202
5266,White,Male,-0.931097925,0,0,0,-0.003312595
1656,Hispanic,Male,-1.04847753,0,0,0,-0.003494118
4384,African-American,Male,0.770810008,1,1,0,-0.00067994
9337,White,Male,-0.351723105,0,0,0,-0.002416461
5213,Hispanic,Male,-0.587575853,0,0,0,-0.002781286
7360,White,Female,-0.272421449,0,0,0,-0.002293788
4872,African-American,Female,-0.701056123,0,0,0,-0.00295681
6239,African-American,Male,-1.216652036,0,0,0,-0.00375417
10426,White,Male,-1.231079936,0,0,0,-0.003776479
3404,African-American,Male,-1.361478686,0,0,0,-0.003978094
10497,Other,Male,0.080250435,1,0,1,-0.001748215
1888,African-American,Male,0.176195323,0,0,0,-0.001599787
9868,African-American,Male,0.6508497,0,1,-1,-0.000865506
6531,African-American,Male,0.680992424,1,1,0,-0.000818878
10330,White,Male,-1.627809405,0,0,0,-0.004389811
9215,White,Male,-0.018080179,0,0,0,-0.001900332
8027,White,Male,-1.356463313,1,0,1,-0.003970339
963,White,Male,-0.131563365,0,0,0,-0.002075888
2863,Other,Male,-0.26279515,1,0,1,-0.002278897
2807,Hispanic,Male,1.724205613,1,1,0,0.000794517
163,White,Male,-1.150980711,0,0,0,-0.003652624
1293,African-American,Male,0.365820378,1,1,0,-0.001306437
5528,White,Female,-0.412305593,0,0,0,-0.002510175
1646,Hispanic,Male,-1.476376772,0,0,0,-0.004155724
4434,White,Male,1.032959342,1,1,0,-0.000274447
6229,White,Male,0.109321803,1,0,1,-0.001703241
9380,White,Male,0.004300018,0,0,0,-0.00186571
3728,Other,Male,-1.5082829,0,0,0,-0.004205049
1652,White,Male,-1.45571816,0,0,0,-0.004123788
4615,African-American,Female,-0.070246048,0,0,0,-0.001981032
10448,African-American,Male,0.209943101,1,0,1,-0.001547579
5968,White,Male,-0.177554369,1,0,1,-0.002147035
10457,African-American,Male,1.021593809,1,1,0,-0.000292026
7960,White,Female,-1.803272605,1,0,1,-0.004661004
1965,African-American,Female,0.477329761,1,1,0,-0.001133933
2567,White,Male,-0.159807533,0,0,0,-0.002119581
51,White,Male,0.726310015,0,1,-1,-0.000748776
8287,White,Female,0.206667066,1,0,1,-0.001552647
9004,African-American,Male,-0.44689092,0,0,0,-0.002563673
2385,African-American,Female,0.522878826,1,1,0,-0.00106347
3564,African-American,Male,0.828266621,1,1,0,-0.000591063
7604,White,Male,-1.54926908,0,0,0,-0.004268406
10631,White,Male,-0.431804866,0,0,0,-0.002540337
3766,White,Male,-0.467689723,1,0,1,-0.002595846
1499,African-American,Male,1.055172324,1,1,0,-0.000240089
7242,African-American,Female,-0.512286127,0,0,0,-0.002664829
9830,White,Male,-1.179389477,0,0,0,-0.003696553
10143,African-American,Male,1.52224791,0,1,-1,0.000482252
5088,White,Female,-0.500497997,1,0,1,-0.002646594
269,White,Male,-1.590019345,0,0,0,-0.004331398
9593,White,Female,-1.628585458,0,0,0,-0.004391011
10637,White,Male,-0.331797242,1,0,1,-0.002385637
557,African-American,Male,1.008924603,1,1,0,-0.000311622
7625,Other,Male,-0.594208241,1,0,1,-0.002791545
1135,White,Male,-0.265916467,0,0,0,-0.002283725
4376,Other,Female,-0.373591423,0,0,0,-0.002450289
1379,African-American,Male,0.407957107,1,1,0,-0.001241251
10444,African-American,Male,0.676624179,0,1,-1,-0.000825636
3031,White,Male,1.214090466,1,1,0,5.70E-06
10641,African-American,Male,0.37880519,1,1,0,-0.001286349
2869,Hispanic,Male,-1.133429646,0,0,0,-0.003625485
9227,White,Male,-0.63419956,0,0,0,-0.002853402
268,White,Male,-1.825419068,1,0,1,-0.004695229
5935,African-American,Male,0.140848279,1,0,1,-0.001654469
4990,White,Male,0.443756551,1,1,0,-0.00118587
8040,African-American,Male,-0.504075587,0,0,0,-0.002652129
7246,White,Male,-0.253623337,0,0,0,-0.002264709
9187,Hispanic,Male,1.23893404,1,1,0,4.41E-05
4267,Other,Male,-1.439747095,1,0,1,-0.004099097
4563,African-American,Female,-0.642700911,1,0,1,-0.002866551
1141,African-American,Male,0.928853035,0,1,-1,-0.000435474
2788,White,Male,-1.534355283,0,0,0,-0.004245352
10223,African-American,Male,-0.001076524,0,0,0,-0.001874027
4820,African-American,Male,0.687224269,1,1,0,-0.000809238
6089,African-American,Male,0.139072821,1,0,1,-0.001657216
10306,White,Male,-1.176766634,1,0,1,-0.003692497
2959,African-American,Male,0.279716074,0,1,-1,-0.00143964
3541,African-American,Male,-1.420045018,0,0,0,-0.004068638
5553,White,Male,-0.276307493,0,0,0,-0.0022998
1335,White,Female,-0.584905863,0,0,0,-0.002777156
1953,Other,Male,-0.726680636,1,0,1,-0.002996443
9617,African-American,Male,0.059795395,1,0,1,-0.001779859
6901,African-American,Female,-0.00474452,0,0,0,-0.001879702
6415,African-American,Male,-0.343793094,0,0,0,-0.002404194
7781,African-American,Male,0.647782028,1,1,0,-0.000870252
616,African-American,Male,-0.642846644,0,0,0,-0.002866777
918,African-American,Female,-1.438230515,0,0,0,-0.004096752
10729,African-American,Male,-0.952473044,1,0,1,-0.003345652
10817,Other,Male,-1.376073122,1,0,1,-0.004000657
2836,Other,Male,-1.402994752,1,0,1,-0.004042279
4439,White,Female,-0.158993185,0,0,0,-0.002118321
6490,African-American,Male,0.021705272,1,0,1,-0.001838784
1781,White,Male,-0.406017393,0,0,0,-0.002500448
9381,White,Male,-0.785363674,0,0,0,-0.003087206
439,African-American,Male,-0.882494986,0,0,0,-0.003237429
1834,White,Male,-0.493149966,0,0,0,-0.002635228
8760,African-American,Female,0.379524499,1,1,0,-0.001285236
3380,African-American,Female,-1.18144846,0,0,0,-0.003699736
252,White,Male,-0.348314583,0,0,0,-0.002411188
2045,White,Female,-0.633509994,0,0,0,-0.002852335
6394,African-American,Male,-1.1618613,0,0,0,-0.003669449
8877,White,Female,-1.546071887,0,0,0,-0.004263464
10015,African-American,Male,0.125029385,1,0,1,-0.001678941
9348,White,Male,0.509724498,0,1,-1,-0.00108382
3255,African-American,Male,-1.003622293,0,0,0,-0.003424753
6654,African-American,Male,0.522836447,1,1,0,-0.001063536
5438,African-American,Male,0.969814897,1,1,0,-0.000372115
143,African-American,Male,0.234329849,0,0,0,-0.001509853
7036,Hispanic,Male,-0.93202424,1,0,1,-0.003314028
7987,White,Male,1.260402441,1,1,0,7.73E-05
6387,Hispanic,Female,-0.849846005,0,0,0,-0.003186935
2651,African-American,Male,-1.144356847,0,0,0,-0.003642382
173,African-American,Male,0.04448957,1,0,1,-0.001803537
8439,Hispanic,Male,-0.128077373,0,0,0,-0.002070495
1529,African-American,Female,0.198942035,1,0,1,-0.001564598
3446,African-American,Male,0.080529749,1,0,1,-0.001747783
645,African-American,Male,0.590350151,0,1,-1,-0.000959095
6389,White,Female,0.355194807,1,1,0,-0.001322874
7211,African-American,Male,0.535228372,1,1,0,-0.001044366
2495,White,Male,0.033922698,0,0,0,-0.001819884
945,African-American,Male,0.759213984,0,1,-1,-0.000697878
1870,African-American,Male,-0.343284577,0,0,0,-0.002403407
8939,African-American,Female,-0.633922815,0,0,0,-0.002852974
7574,White,Female,-1.636835575,0,0,0,-0.004403763
1620,White,Male,-1.531669021,0,0,0,-0.0042412
4999,African-American,Male,0.312706143,1,1,0,-0.001388604
8818,African-American,Male,-0.566557765,0,0,0,-0.002748776
2983,White,Female,-0.730143964,0,0,0,-0.0030018
7678,African-American,Male,0.68949616,1,1,0,-0.000805724
3362,African-American,Male,2.04054594,1,1,0,0.001283538
8426,White,Male,-1.476134658,0,0,0,-0.00415535
9774,White,Male,-1.146208405,1,0,1,-0.003645245
1545,African-American,Male,-0.327504039,0,0,0,-0.002378996
10369,Hispanic,Male,-0.797284842,0,0,0,-0.003105644
10910,Hispanic,Male,0.024533339,0,0,0,-0.001834409
2309,Hispanic,Female,-0.285624862,1,0,1,-0.002314213
4831,White,Male,0.523243666,0,1,-1,-0.001062906
3448,African-American,Female,0.714856744,1,1,0,-0.000766493
6807,African-American,Male,0.92852664,1,1,0,-0.000435979
1242,Other,Female,-1.456642747,1,0,1,-0.004125217
7830,African-American,Female,-0.478147238,1,0,1,-0.002612022
300,White,Female,-1.146527886,0,0,0,-0.003645739
4959,Hispanic,Male,-0.49439159,1,0,1,-0.002637149
6801,White,Male,0.112172857,0,0,0,-0.00169883
6911,Hispanic,Male,-0.081914559,1,0,1,-0.001999083
7468,White,Male,0.095848761,1,0,1,-0.001724084
6484,White,Female,-1.758404136,0,0,0,-0.00459166
8823,Hispanic,Male,2.510130882,1,1,0,0.002009177
3751,African-American,Male,1.85310781,1,1,0,0.000993799
1229,African-American,Male,0.405565113,0,1,-1,-0.001244952
5246,White,Female,-1.787469864,0,0,0,-0.004636582
10010,African-American,Male,0.753325224,1,1,0,-0.000706987
4341,Other,Male,0.710374951,1,1,0,-0.000773426
53,White,Male,-0.46268785,1,0,1,-0.002588109
8440,White,Male,0.054938331,0,0,0,-0.001787373
6441,African-American,Male,-0.008363251,0,0,0,-0.0018853
8212,White,Male,-0.958634377,0,0,0,-0.00335518
5852,African-American,Female,-1.762231469,0,0,0,-0.004597575
2484,White,Male,-1.476358056,0,0,0,-0.004155695
8381,African-American,Male,-0.398755342,0,0,0,-0.002489214
5635,White,Female,-1.53040421,0,0,0,-0.004239244
4073,White,Male,-0.721252441,0,0,0,-0.002988048
10386,White,Male,0.589076281,0,1,-1,-0.000961066
7224,African-American,Male,-0.218764335,1,0,1,-0.002210784
5863,African-American,Male,-0.26217559,1,0,1,-0.002277939
7944,White,Male,-0.828154504,0,0,0,-0.003153387
4443,White,Female,-0.610803664,0,0,0,-0.002817214
9737,White,Male,-1.202475071,0,0,0,-0.003732249
1523,Other,Female,-1.033197284,0,0,0,-0.003470489
3934,African-American,Male,-0.223074213,0,0,0,-0.002217452
6749,White,Female,0.514536798,0,1,-1,-0.001076375
8518,African-American,Male,0.960456252,1,1,0,-0.000386591
5742,African-American,Male,-0.752946436,0,0,0,-0.003037068
4651,African-American,Male,0.03079976,0,0,0,-0.001824715
959,African-American,Male,0.955301464,1,1,0,-0.000394564
6870,White,Male,1.556769013,0,1,-1,0.000535632
1419,White,Female,-1.306295395,0,0,0,-0.003892775
4473,African-American,Male,-1.008237481,1,0,1,-0.00343189
5850,White,Female,-0.673748612,1,0,1,-0.002914574
2470,African-American,Male,-0.639330566,0,0,0,-0.002861338
441,Other,Male,-0.386041492,0,0,0,-0.002469547
1456,African-American,Male,0.814270318,1,1,0,-0.000612713
8619,White,Male,-0.505785584,0,0,0,-0.002654774
10141,African-American,Male,0.55682528,1,1,0,-0.001010956
613,White,Male,-1.181488872,1,0,1,-0.003699799
1562,Hispanic,Male,-0.629316449,0,0,0,-0.002845849
2723,African-American,Male,0.305004448,1,1,0,-0.001400519
7365,White,Male,-0.229327142,0,0,0,-0.002227124
6708,African-American,Male,-0.623488307,0,0,0,-0.002836834
6729,Hispanic,Female,-1.281393409,0,0,0,-0.003854273
5453,African-American,Female,0.617973685,1,1,0,-0.000916363
5027,African-American,Male,0.182446972,1,0,1,-0.001590116
2208,African-American,Male,0.153568655,1,0,1,-0.001634791
6390,African-American,Male,-0.933692932,0,0,0,-0.003316608
7166,African-American,Female,-0.621588111,0,0,0,-0.002833895
10648,Hispanic,Male,-0.288345724,1,0,1,-0.002318422
1906,White,Male,-0.16395545,0,0,0,-0.002125998
3960,African-American,Male,-0.842229247,0,0,0,-0.003175155
10107,African-American,Female,-0.70229578,0,0,0,-0.002958728
3749,African-American,Male,0.234619707,1,0,1,-0.001509404
7116,African-American,Male,1.023488164,0,1,-1,-0.000289096
2620,African-American,Male,1.04736197,1,1,0,-0.00025217
5732,White,Female,-0.498998612,1,0,1,-0.002644275
10447,White,Male,-1.311554074,0,0,0,-0.003900905
8469,African-American,Male,-0.078555718,1,0,1,-0.001993887
7644,African-American,Male,0.939337969,0,1,-1,-0.000419256
2479,African-American,Male,0.77696538,1,1,0,-0.000670418
5289,African-American,Male,0.418698758,1,1,0,-0.001224634
1676,White,Female,-1.462888002,0,0,0,-0.004134872
701,African-American,Male,0.970238328,0,1,-1,-0.00037146
5515,African-American,Male,-1.307185411,0,0,0,-0.003894151
7735,White,Female,-1.497760892,0,0,0,-0.004188782
6637,White,Female,-1.341076016,0,0,0,-0.003946549
1543,African-American,Male,1.519887805,1,1,0,0.000478603
8548,African-American,Male,2.008879185,1,1,0,0.001234591
6572,White,Male,-0.384143502,0,0,0,-0.002466612
8791,White,Female,-0.377019823,0,0,0,-0.002455592
1173,African-American,Male,0.39720884,1,1,0,-0.001257879
1921,African-American,Female,1.352178693,1,1,0,0.000219259
8428,White,Female,0.177471876,1,0,1,-0.001597812
6292,African-American,Male,-1.295533299,0,0,0,-0.003876135
7419,African-American,Male,0.518414378,0,1,-1,-0.001070377
1873,White,Female,-0.916271269,0,0,0,-0.003289666
2790,White,Male,-0.685243607,0,0,0,-0.002932353
3578,Hispanic,Male,-0.990903378,1,0,1,-0.003405083
8858,African-American,Male,0.277697653,0,1,-1,-0.001442762
7741,African-American,Male,0.426164836,1,1,0,-0.001213084
487,White,Male,2.347900867,1,1,0,0.001758528
10494,African-American,Female,0.222946972,1,0,1,-0.001527462
10920,White,Male,0.139697984,0,0,0,-0.001656249
2474,African-American,Male,0.348789215,1,1,0,-0.001332784
8756,African-American,Male,1.190067887,1,1,0,-3.15E-05
8501,African-American,Male,1.727348447,1,1,0,0.000799377
8436,Other,Male,0.122059286,1,0,1,-0.001683536
6863,African-American,Male,-0.668677628,0,0,0,-0.00290673
236,Hispanic,Male,-1.647323012,0,0,0,-0.004419974
4316,African-American,Male,0.465900183,1,1,0,-0.001151614
10757,African-American,Male,0.24644804,1,0,1,-0.001491106
5463,African-American,Male,-0.025012357,1,0,1,-0.001911056
1388,White,Female,-1.806602836,1,0,1,-0.00466615
8596,African-American,Male,-0.352661401,1,0,1,-0.002417912
803,African-American,Male,-0.56195879,0,0,0,-0.002741662
4731,African-American,Male,0.017251167,1,0,1,-0.001845675
1356,Hispanic,Female,-1.699993968,0,0,0,-0.004501384
1077,African-American,Male,-0.065458581,1,0,1,-0.001973626
10525,African-American,Male,-0.239570782,1,0,1,-0.002242971
2404,African-American,Male,0.801401615,0,1,-1,-0.000632619
8059,White,Male,-0.249731362,0,0,0,-0.002258688
7874,White,Male,-0.564751148,1,0,1,-0.002745982
1271,African-American,Female,-0.498509973,1,0,1,-0.00264352
1111,African-American,Male,-0.499664634,0,0,0,-0.002645305
7603,Other,Male,-1.441650629,0,0,0,-0.00410204
3641,White,Male,-0.02520857,0,0,0,-0.001911359
10884,White,Male,1.101278424,0,1,-1,-0.000168778
7149,White,Male,0.029447975,0,0,0,-0.001826806
9334,African-American,Male,-0.250597447,1,0,1,-0.002260028
8657,White,Male,-0.055092387,1,0,1,-0.001957589
3758,African-American,Male,-0.987303615,0,0,0,-0.003399516
2698,White,Female,-1.910024524,1,0,1,-0.004825974
9588,White,Male,-1.281179786,0,0,0,-0.003853942
1411,Hispanic,Female,-2.067441463,0,0,0,-0.005069205
10659,African-American,Male,2.049073219,1,1,0,0.001296718
6117,African-American,Male,1.129299045,1,1,0,-0.000125439
4390,White,Male,-1.69433105,0,0,0,-0.004492632
9817,African-American,Male,0.016693346,1,0,1,-0.001846537
5658,African-American,Male,0.214681625,1,0,1,-0.001540249
8494,White,Female,-1.096532822,0,0,0,-0.00356843
4182,White,Male,-0.312705189,0,0,0,-0.002356104
4928,Other,Male,-0.410228223,0,0,0,-0.002506961
1438,White,Female,-0.460311443,0,0,0,-0.002584433
7033,African-American,Male,0.58945471,0,1,-1,-0.00096048
2317,African-American,Male,0.293149769,1,1,0,-0.001418858
4292,Other,Female,-0.39271149,0,0,0,-0.002479865
4068,White,Female,-1.828415036,0,0,0,-0.004699859
3181,White,Male,0.315556049,1,1,0,-0.001384195
7479,White,Male,0.903275609,0,1,-1,-0.000475037
9750,African-American,Male,-0.489085704,0,0,0,-0.002628942
9439,African-American,Male,0.171851277,1,0,1,-0.001606507
3896,Hispanic,Male,0.909254193,1,1,0,-0.000465789
10383,African-American,Male,1.408493042,1,1,0,0.000306346
434,African-American,Male,0.086040139,1,0,1,-0.001739258
10806,African-American,Male,0.670670271,1,1,0,-0.000834846
788,Other,Male,-0.791268826,0,0,0,-0.003096339
1305,African-American,Male,0.892772138,0,1,-1,-0.000491284
139,Other,Male,0.277819008,1,1,0,-0.001442575
3563,African-American,Male,1.200375676,1,1,0,-1.55E-05
2193,White,Female,-0.378803045,1,0,1,-0.00245835
7275,White,Female,-1.248662829,0,0,0,-0.003803666
1925,Other,Male,-1.170077205,0,0,0,-0.003682153
9628,African-American,Female,0.710112989,1,1,0,-0.000773831
3227,White,Male,-0.239236981,1,0,1,-0.002242454
6957,African-American,Male,0.730208397,1,1,0,-0.000742746
5763,Hispanic,Male,-0.813036799,0,0,0,-0.003130006
9323,White,Male,1.073181748,1,1,0,-0.000212234
1051,African-American,Male,-0.654548049,1,0,1,-0.002884876
7340,White,Female,-0.768844485,1,0,1,-0.003061657
4031,African-American,Male,-1.536498308,0,0,0,-0.004248665
238,African-American,Female,0.408728957,1,1,0,-0.001240057
8048,White,Male,-0.410592735,0,0,0,-0.002507525
8023,African-American,Male,-0.10817045,0,0,0,-0.0020397
1452,White,Female,-0.429810137,1,0,1,-0.002537252
3865,African-American,Male,0.857514024,0,1,-1,-0.000545822
2190,Hispanic,Male,-0.285964727,0,0,0,-0.002314738
5251,White,Male,-0.164523423,0,0,0,-0.002126876
1136,African-American,Male,0.309253275,1,1,0,-0.001393946
8651,African-American,Male,0.696867228,1,1,0,-0.000794321
9785,White,Male,-1.16360271,0,0,0,-0.003672142
3858,African-American,Female,-0.301095963,1,0,1,-0.002338145
7064,African-American,Male,0.22048597,1,0,1,-0.001531269
95,African-American,Male,0.84529525,1,1,0,-0.000564722
7020,White,Male,-0.749044061,1,0,1,-0.003031032
1303,African-American,Male,-0.329255074,1,0,1,-0.002381705
2808,African-American,Male,-0.603671908,0,0,0,-0.002806183
2688,African-American,Male,-0.860667527,1,0,1,-0.003203671
5243,African-American,Male,0.669058084,1,1,0,-0.00083734
10252,African-American,Male,-0.102068819,0,0,0,-0.002030261
999,White,Male,-1.056914926,1,0,1,-0.003507166
8094,White,Male,-1.542229772,0,0,0,-0.004257525
2070,African-American,Male,0.296303898,0,1,-1,-0.001413979
7154,White,Male,-1.425427556,0,0,0,-0.00407696
8505,African-American,Male,0.868321061,1,1,0,-0.000529105
8834,African-American,Male,1.046350241,1,1,0,-0.000253735
10300,White,Male,-1.462573886,0,0,0,-0.004134386
1913,African-American,Male,-0.178928331,0,0,0,-0.00214916
1645,African-American,Female,-0.178863347,1,0,1,-0.002149059
2457,Other,Male,-1.028105259,0,0,0,-0.003462614
4463,White,Female,-0.963364124,1,0,1,-0.003362495
5148,White,Male,-0.541561067,1,0,1,-0.002710111
9030,Hispanic,Male,-0.305514544,0,0,0,-0.002344981
9186,African-American,Male,1.039206147,0,1,-1,-0.000264785
5817,White,Male,-0.156954259,1,0,1,-0.002115167
7540,African-American,Male,0.792403281,1,1,0,-0.000646538
4611,African-American,Male,-0.954569519,0,0,0,-0.003348894
1276,African-American,Male,0.408252269,1,1,0,-0.001240795
7466,White,Male,-0.68648684,0,0,0,-0.002934276
3809,White,Male,0.536211193,1,1,0,-0.001042846
7710,White,Male,0.82148695,1,1,0,-0.00060155
624,African-American,Female,-0.128690794,0,0,0,-0.002071444
10212,African-American,Male,-1.241077304,0,0,0,-0.003791937
7894,African-American,Male,0.567908406,0,1,-1,-0.000993811
8733,African-American,Male,-0.666998625,0,0,0,-0.002904133
6884,White,Male,0.302761823,0,1,-1,-0.001403988
10279,African-American,Female,-1.232151151,0,0,0,-0.003778135
2719,African-American,Male,-0.092104048,1,0,1,-0.002014846
9846,White,Male,-0.423323482,1,0,1,-0.002527218
2221,White,Male,-1.232337356,1,0,1,-0.003778423
8326,White,Male,0.852145791,1,1,0,-0.000554126
9557,African-American,Female,-0.483651787,0,0,0,-0.002620536
806,White,Male,-0.548988819,0,0,0,-0.002721601
7150,African-American,Female,0.118878961,1,0,1,-0.001688456
1377,African-American,Male,0.386755854,1,1,0,-0.00127405
8425,African-American,Male,0.641141057,1,1,0,-0.000880525
9216,White,Male,-1.630191922,0,0,0,-0.004393494
10209,White,Male,-0.241054118,0,0,0,-0.002245265
4085,White,Male,-1.119999528,0,0,0,-0.003604718
6800,African-American,Male,-0.267258257,0,0,0,-0.002285801
2969,White,Male,-1.355157495,1,0,1,-0.00396832
2222,African-American,Male,-1.55183208,0,0,0,-0.004272369
7237,White,Male,-0.262828112,0,0,0,-0.002278948
1971,African-American,Male,-0.426011711,0,0,0,-0.002531376
1008,White,Male,-1.454268813,0,0,0,-0.004121547
8630,African-American,Male,1.528482795,1,1,0,0.000491893
4211,Other,Male,-1.393220067,0,0,0,-0.004027167
625,African-American,Female,-1.105983377,1,0,1,-0.003583044
1261,African-American,Male,-0.572023153,0,0,0,-0.00275723
6498,White,Female,-0.602775991,0,0,0,-0.002804797
246,White,Male,-1.13186276,0,0,0,-0.003623062
574,White,Male,-0.088999145,0,0,0,-0.002010043
7606,White,Male,0.938937187,1,1,0,-0.000419876
3881,African-American,Male,0.480802506,1,1,0,-0.001128561
8558,African-American,Male,-0.786981404,1,0,1,-0.003089708
9904,African-American,Male,0.941245079,1,1,0,-0.000416306
10058,African-American,Male,0.44926843,0,1,-1,-0.001177343
3,African-American,Male,-0.794832349,1,0,1,-0.00310185
4912,Hispanic,Male,1.051494718,0,1,-1,-0.000245778
6082,African-American,Male,1.576855421,1,1,0,0.00056669
6392,African-American,Male,-0.351237297,1,0,1,-0.002415709
7908,African-American,Male,1.086279273,1,1,0,-0.000191976
7110,White,Male,-0.241922915,0,0,0,-0.002246609
6210,African-American,Male,0.937141001,1,1,0,-0.000422654
558,African-American,Male,-0.049694739,1,0,1,-0.001949239
505,African-American,Male,-1.049464822,0,0,0,-0.003495645
3759,African-American,Female,1.072923303,0,1,-1,-0.000212634
5416,African-American,Male,-0.293210477,0,0,0,-0.002325947
8050,White,Female,-1.013382316,0,0,0,-0.003439846
2411,African-American,Female,-0.368813604,0,0,0,-0.002442898
6950,White,Male,-0.30799672,0,0,0,-0.00234882
10596,Other,Male,0.058881588,0,0,0,-0.001781272
10299,African-American,Male,-0.336515576,0,0,0,-0.002392936
218,White,Female,-0.902286112,0,0,0,-0.003268037
9979,White,Female,-1.198181748,0,0,0,-0.00372561
5198,White,Male,-0.356419086,0,0,0,-0.002423725
1237,African-American,Male,-0.415766805,0,0,0,-0.002515529
5929,White,Male,-0.497924477,1,0,1,-0.002642614
3460,African-American,Male,0.419134945,1,1,0,-0.001223959
9989,African-American,Male,0.884850204,1,1,0,-0.000503538
715,White,Male,0.028524429,1,0,1,-0.001828235
3594,African-American,Male,-0.926749825,1,0,1,-0.003305871
7025,African-American,Female,-1.341130853,1,0,1,-0.003946634
5324,White,Male,-1.481404185,1,0,1,-0.004163497
8210,African-American,Female,-0.849511504,0,0,0,-0.003186418
3666,African-American,Female,-1.21769309,0,0,0,-0.003755779
1024,African-American,Male,-0.834417939,0,0,0,-0.003163074
6548,African-American,Male,0.064542294,1,0,1,-0.001772515
2918,Hispanic,Female,-0.095360644,1,0,1,-0.002019884
1103,African-American,Male,0.447232515,0,1,-1,-0.001180493
9225,African-American,Male,1.024144292,1,1,0,-0.000288081
5684,African-American,Male,-0.32395497,0,0,0,-0.002373506
884,White,Male,-1.730209947,1,0,1,-0.004548085
6005,White,Male,0.840042293,0,1,-1,-0.000572848
280,White,Female,-0.659315944,1,0,1,-0.00289225
6645,African-American,Female,-1.166340947,0,0,0,-0.003676376
28,White,Female,-0.549772441,0,0,0,-0.002722813
5167,White,Male,1.009485126,0,1,-1,-0.000310755
3624,African-American,Male,0.4423832,1,1,0,-0.001187995
2638,White,Male,-0.252435237,0,0,0,-0.002262871
10195,Other,Male,-0.821281791,0,0,0,-0.003142758
10860,African-American,Male,0.205826223,0,0,0,-0.001553948
169,White,Male,-0.137382239,1,0,1,-0.00208489
8712,White,Female,-0.372107655,0,0,0,-0.002447993
5431,White,Female,-1.074392915,1,0,1,-0.003534193
6027,African-American,Male,0.515410185,1,1,0,-0.001075024
8146,African-American,Male,0.506567121,0,1,-1,-0.001088704
6755,African-American,Female,-0.466534019,1,0,1,-0.002594058
6703,African-American,Male,-0.410692185,0,0,0,-0.002507679
7302,African-American,Male,2.292060375,1,1,0,0.001672243
1072,African-American,Male,-1.024055839,0,0,0,-0.003456352
6481,African-American,Female,-0.515805781,0,0,0,-0.002670273
10399,White,Male,-0.147578761,0,0,0,-0.002100663
6611,African-American,Male,-1.52966249,0,0,0,-0.004238098
3112,African-American,Male,0.070154354,0,0,0,-0.001763833
5134,White,Male,1.975466132,1,1,0,0.001182944
4401,African-American,Male,-1.074790835,0,0,0,-0.003534809
4879,African-American,Male,-0.251585871,1,0,1,-0.002261557
5505,African-American,Male,-1.619520783,0,0,0,-0.004376999
6689,White,Male,-1.256306291,0,0,0,-0.003815484
8415,White,Male,0.304892451,0,1,-1,-0.001400692
6715,African-American,Female,-0.582883596,0,0,0,-0.002774028
3345,White,Female,-0.871198177,0,0,0,-0.003219958
8535,African-American,Male,-1.057826638,1,0,1,-0.003508576
847,African-American,Male,0.136113465,0,0,0,-0.001661794
7971,White,Male,0.158370569,1,0,1,-0.001627362
8240,African-American,Female,-1.135653496,0,0,0,-0.003628924
4100,White,Male,0.796599865,1,1,0,-0.000640047
293,African-American,Male,-0.408242881,1,0,1,-0.00250389
3999,African-American,Male,-1.109408975,0,0,0,-0.003588341
9875,African-American,Male,-0.697426677,1,0,1,-0.002951196
4444,White,Female,0.461940199,0,1,-1,-0.00115774
9277,African-American,Female,-0.889821827,0,0,0,-0.00324876
5377,African-American,Male,-0.708673835,0,0,0,-0.002968593
5442,African-American,Male,2.621995926,1,1,0,0.002181982
9748,African-American,Male,1.030340552,1,1,0,-0.000278497
10277,African-American,Male,1.395691514,0,1,-1,0.000286549
3178,White,Male,0.933579683,1,1,0,-0.000428163
9729,African-American,Female,-0.777600884,1,0,1,-0.0030752
7736,African-American,Male,-0.478626996,0,0,0,-0.002612764
8813,African-American,Male,-0.672143102,1,0,1,-0.00291209
6904,African-American,Female,-0.41230762,0,0,0,-0.002510178
9060,White,Male,0.022569533,0,0,0,-0.001837447
10801,African-American,Male,0.139918074,1,0,1,-0.001655908
289,African-American,Male,1.191510797,1,1,0,-2.92E-05
7103,Other,Male,0.441725343,0,1,-1,-0.001189013
2772,African-American,Male,0.634228885,1,1,0,-0.000891218
1741,African-American,Male,0.598094106,1,1,0,-0.000947116
2874,African-American,Male,-0.721922755,1,0,1,-0.002989084
5886,White,Male,-1.481107354,0,0,0,-0.004163038
4510,White,Male,-1.343530059,0,0,0,-0.003950343
8450,White,Male,-0.402264714,1,0,1,-0.002494643
5487,African-American,Male,-0.708364129,0,0,0,-0.002968114
5279,Other,Male,-0.115517884,1,0,1,-0.002051066
5052,White,Male,-0.669114292,0,0,0,-0.002907406
1951,African-American,Male,-0.246835008,0,0,0,-0.002254208
10066,African-American,Male,-0.051633965,0,0,0,-0.001952239
5638,Hispanic,Male,-0.923611641,0,0,0,-0.003301017
6831,White,Female,1.029299855,1,1,0,-0.000280107